Date,ExchangeRate,CurrencyCode
2023-01-01,1.5699,AUD
2023-01-01,0.9873,CHF
2023-01-01,7.4374,DKK
2023-01-01,0.8863,GBP
2023-01-01,1.4506,CAD
2023-01-01,3.7537,ILS
2023-01-01,151.7000,ISK
2023-01-01,16631.7800,IDR
2023-01-01,401.0300,HUF
2023-01-01,1.9558,BGN
2023-01-01,24.1760,CZK
2023-01-01,5.7048,BRL
2023-01-01,88.4260,INR
2023-01-01,8.3389,HKD
2023-01-01,7.3698,CNY
2023-01-02,0.9873,CHF
2023-01-02,7.4374,DKK
2023-01-02,8.3389,HKD
2023-01-02,0.8863,GBP
2023-01-02,7.3698,CNY
2023-01-02,24.1760,CZK
2023-01-02,3.7537,ILS
2023-01-02,151.7000,ISK
2023-01-02,88.4260,INR
2023-01-02,1.9558,BGN
2023-01-02,401.0300,HUF
2023-01-02,1.4506,CAD
2023-01-02,16631.7800,IDR
2023-01-02,5.7048,BRL
2023-01-02,1.5699,AUD
2023-01-03,16471.9500,IDR
2023-01-03,1.9558,BGN
2023-01-03,151.7000,ISK
2023-01-03,0.9879,CHF
2023-01-03,0.8805,GBP
2023-01-03,8.2392,HKD
2023-01-03,7.2863,CNY
2023-01-03,1.5708,AUD
2023-01-03,403.3300,HUF
2023-01-03,7.4370,DKK
2023-01-03,1.4414,CAD
2023-01-03,5.6656,BRL
2023-01-03,87.4095,INR
2023-01-03,3.7216,ILS
2023-01-03,24.1240,CZK
2023-01-04,8.2864,HKD
2023-01-04,151.7000,ISK
2023-01-04,0.8808,GBP
2023-01-04,24.0280,CZK
2023-01-04,7.4374,DKK
2023-01-04,395.8500,HUF
2023-01-04,1.5452,AUD
2023-01-04,87.7910,INR
2023-01-04,1.9558,BGN
2023-01-04,3.7397,ILS
2023-01-04,1.4363,CAD
2023-01-04,16504.7600,IDR
2023-01-04,0.9843,CHF
2023-01-04,5.7758,BRL
2023-01-04,7.2985,CNY
2023-01-05,1.9558,BGN
2023-01-05,7.4373,DKK
2023-01-05,24.0280,CZK
2023-01-05,3.7400,ILS
2023-01-05,1.5515,AUD
2023-01-05,16543.0700,IDR
2023-01-05,152.3000,ISK
2023-01-05,5.7060,BRL
2023-01-05,8.2788,HKD
2023-01-05,0.8830,GBP
2023-01-05,0.9839,CHF
2023-01-05,396.8800,HUF
2023-01-05,7.2863,CNY
2023-01-05,1.4316,CAD
2023-01-05,87.4755,INR
2023-01-06,24.0540,CZK
2023-01-06,1.4331,CAD
2023-01-06,0.8848,GBP
2023-01-06,396.9600,HUF
2023-01-06,7.2045,CNY
2023-01-06,3.7361,ILS
2023-01-06,7.4370,DKK
2023-01-06,86.9103,INR
2023-01-06,16468.3000,IDR
2023-01-06,152.9000,ISK
2023-01-06,1.5590,AUD
2023-01-06,8.2006,HKD
2023-01-06,5.6034,BRL
2023-01-06,0.9864,CHF
2023-01-06,1.9558,BGN
2023-01-07,0.9864,CHF
2023-01-07,3.7361,ILS
2023-01-07,16468.3000,IDR
2023-01-07,5.6034,BRL
2023-01-07,1.4331,CAD
2023-01-07,86.9103,INR
2023-01-07,7.2045,CNY
2023-01-07,1.5590,AUD
2023-01-07,1.9558,BGN
2023-01-07,7.4370,DKK
2023-01-07,152.9000,ISK
2023-01-07,0.8848,GBP
2023-01-07,8.2006,HKD
2023-01-07,396.9600,HUF
2023-01-07,24.0540,CZK
2023-01-08,7.4370,DKK
2023-01-08,1.4331,CAD
2023-01-08,152.9000,ISK
2023-01-08,86.9103,INR
2023-01-08,16468.3000,IDR
2023-01-08,7.2045,CNY
2023-01-08,8.2006,HKD
2023-01-08,1.5590,AUD
2023-01-08,1.9558,BGN
2023-01-08,5.6034,BRL
2023-01-08,0.9864,CHF
2023-01-08,3.7361,ILS
2023-01-08,0.8848,GBP
2023-01-08,396.9600,HUF
2023-01-08,24.0540,CZK
2023-01-09,1.9558,BGN
2023-01-09,153.5000,ISK
2023-01-09,3.7347,ILS
2023-01-09,16661.9200,IDR
2023-01-09,88.0780,INR
2023-01-09,1.4299,CAD
2023-01-09,0.8805,GBP
2023-01-09,7.2546,CNY
2023-01-09,8.3508,HKD
2023-01-09,5.6475,BRL
2023-01-09,7.4374,DKK
2023-01-09,0.9865,CHF
2023-01-09,1.5446,AUD
2023-01-09,397.2500,HUF
2023-01-09,23.9900,CZK
2023-01-10,7.2732,CNY
2023-01-10,1.9558,BGN
2023-01-10,399.0000,HUF
2023-01-10,1.5616,AUD
2023-01-10,154.7000,ISK
2023-01-10,87.7030,INR
2023-01-10,5.6471,BRL
2023-01-10,7.4375,DKK
2023-01-10,23.9840,CZK
2023-01-10,8.3740,HKD
2023-01-10,0.9908,CHF
2023-01-10,16675.0700,IDR
2023-01-10,1.4382,CAD
2023-01-10,0.8833,GBP
2023-01-10,3.7244,ILS
2023-01-11,8.3974,HKD
2023-01-11,3.7104,ILS
2023-01-11,7.4375,DKK
2023-01-11,0.8867,GBP
2023-01-11,1.5588,AUD
2023-01-11,24.0270,CZK
2023-01-11,1.9558,BGN
2023-01-11,0.9967,CHF
2023-01-11,154.3000,ISK
2023-01-11,5.5840,BRL
2023-01-11,399.1000,HUF
2023-01-11,16612.3400,IDR
2023-01-11,1.4429,CAD
2023-01-11,7.2807,CNY
2023-01-11,87.8120,INR
2023-01-12,1.0056,CHF
2023-01-12,8.4121,HKD
2023-01-12,399.6000,HUF
2023-01-12,1.9558,BGN
2023-01-12,87.7830,INR
2023-01-12,7.4385,DKK
2023-01-12,16456.1200,IDR
2023-01-12,154.3000,ISK
2023-01-12,0.8869,GBP
2023-01-12,1.5570,AUD
2023-01-12,24.0360,CZK
2023-01-12,7.2700,CNY
2023-01-12,1.4439,CAD
2023-01-12,5.5556,BRL
2023-01-12,3.6893,ILS
2023-01-13,154.3000,ISK
2023-01-13,7.2729,CNY
2023-01-13,16412.0000,IDR
2023-01-13,1.9558,BGN
2023-01-13,5.5512,BRL
2023-01-13,1.4494,CAD
2023-01-13,3.7032,ILS
2023-01-13,1.0051,CHF
2023-01-13,1.5586,AUD
2023-01-13,8.4471,HKD
2023-01-13,24.0110,CZK
2023-01-13,88.0960,INR
2023-01-13,0.8880,GBP
2023-01-13,7.4387,DKK
2023-01-13,396.9600,HUF
2023-01-14,8.4471,HKD
2023-01-14,5.5512,BRL
2023-01-14,7.2729,CNY
2023-01-14,24.0110,CZK
2023-01-14,16412.0000,IDR
2023-01-14,1.4494,CAD
2023-01-14,88.0960,INR
2023-01-14,1.9558,BGN
2023-01-14,1.5586,AUD
2023-01-14,7.4387,DKK
2023-01-14,0.8880,GBP
2023-01-14,154.3000,ISK
2023-01-14,1.0051,CHF
2023-01-14,396.9600,HUF
2023-01-14,3.7032,ILS
2023-01-15,7.4387,DKK
2023-01-15,88.0960,INR
2023-01-15,1.4494,CAD
2023-01-15,1.0051,CHF
2023-01-15,3.7032,ILS
2023-01-15,396.9600,HUF
2023-01-15,0.8880,GBP
2023-01-15,16412.0000,IDR
2023-01-15,154.3000,ISK
2023-01-15,24.0110,CZK
2023-01-15,1.5586,AUD
2023-01-15,1.9558,BGN
2023-01-15,5.5512,BRL
2023-01-15,8.4471,HKD
2023-01-15,7.2729,CNY
2023-01-16,7.2791,CNY
2023-01-16,0.8876,GBP
2023-01-16,23.9970,CZK
2023-01-16,5.5240,BRL
2023-01-16,1.4486,CAD
2023-01-16,7.4392,DKK
2023-01-16,16335.0300,IDR
2023-01-16,1.9558,BGN
2023-01-16,1.5537,AUD
2023-01-16,3.6971,ILS
2023-01-16,8.4449,HKD
2023-01-16,154.5000,ISK
2023-01-16,1.0026,CHF
2023-01-16,398.9800,HUF
2023-01-16,88.2795,INR
2023-01-17,8.4807,HKD
2023-01-17,0.8860,GBP
2023-01-17,88.5770,INR
2023-01-17,0.9998,CHF
2023-01-17,23.9660,CZK
2023-01-17,16467.8300,IDR
2023-01-17,7.4386,DKK
2023-01-17,1.4547,CAD
2023-01-17,154.5000,ISK
2023-01-17,399.5800,HUF
2023-01-17,1.9558,BGN
2023-01-17,5.5607,BRL
2023-01-17,3.7021,ILS
2023-01-17,7.3473,CNY
2023-01-17,1.5611,AUD
2023-01-18,0.9906,CHF
2023-01-18,8.4814,HKD
2023-01-18,1.4505,CAD
2023-01-18,7.4399,DKK
2023-01-18,3.6524,ILS
2023-01-18,7.3193,CNY
2023-01-18,396.1500,HUF
2023-01-18,88.1420,INR
2023-01-18,154.5000,ISK
2023-01-18,1.5413,AUD
2023-01-18,16307.2000,IDR
2023-01-18,0.8753,GBP
2023-01-18,5.5252,BRL
2023-01-18,23.9540,CZK
2023-01-18,1.9558,BGN
2023-01-19,88.0460,INR
2023-01-19,396.4300,HUF
2023-01-19,1.5726,AUD
2023-01-19,0.9921,CHF
2023-01-19,154.5000,ISK
2023-01-19,3.6952,ILS
2023-01-19,8.4696,HKD
2023-01-19,0.8765,GBP
2023-01-19,16429.6600,IDR
2023-01-19,7.4398,DKK
2023-01-19,23.9240,CZK
2023-01-19,5.6326,BRL
2023-01-19,7.3424,CNY
2023-01-19,1.4603,CAD
2023-01-19,1.9558,BGN
2023-01-20,8.4775,HKD
2023-01-20,154.3000,ISK
2023-01-20,7.4391,DKK
2023-01-20,0.9962,CHF
2023-01-20,395.8800,HUF
2023-01-20,3.6839,ILS
2023-01-20,1.4583,CAD
2023-01-20,1.5619,AUD
2023-01-20,16367.6700,IDR
2023-01-20,7.3425,CNY
2023-01-20,5.6271,BRL
2023-01-20,23.9220,CZK
2023-01-20,0.8760,GBP
2023-01-20,87.8170,INR
2023-01-20,1.9558,BGN
2023-01-21,154.3000,ISK
2023-01-21,23.9220,CZK
2023-01-21,1.5619,AUD
2023-01-21,16367.6700,IDR
2023-01-21,0.9962,CHF
2023-01-21,1.4583,CAD
2023-01-21,7.4391,DKK
2023-01-21,8.4775,HKD
2023-01-21,3.6839,ILS
2023-01-21,0.8760,GBP
2023-01-21,395.8800,HUF
2023-01-21,1.9558,BGN
2023-01-21,7.3425,CNY
2023-01-21,5.6271,BRL
2023-01-21,87.8170,INR
2023-01-22,395.8800,HUF
2023-01-22,1.4583,CAD
2023-01-22,0.9962,CHF
2023-01-22,7.3425,CNY
2023-01-22,5.6271,BRL
2023-01-22,16367.6700,IDR
2023-01-22,3.6839,ILS
2023-01-22,87.8170,INR
2023-01-22,0.8760,GBP
2023-01-22,154.3000,ISK
2023-01-22,1.9558,BGN
2023-01-22,1.5619,AUD
2023-01-22,23.9220,CZK
2023-01-22,7.4391,DKK
2023-01-22,8.4775,HKD
2023-01-23,3.6709,ILS
2023-01-23,1.0013,CHF
2023-01-23,1.4523,CAD
2023-01-23,8.5105,HKD
2023-01-23,154.7000,ISK
2023-01-23,7.4393,DKK
2023-01-23,88.4520,INR
2023-01-23,1.9558,BGN
2023-01-23,5.6372,BRL
2023-01-23,7.3730,CNY
2023-01-23,395.9800,HUF
2023-01-23,0.8797,GBP
2023-01-23,1.5529,AUD
2023-01-23,16314.2700,IDR
2023-01-23,23.8810,CZK
2023-01-24,0.8837,GBP
2023-01-24,7.4399,DKK
2023-01-24,7.3642,CNY
2023-01-24,23.8740,CZK
2023-01-24,1.4517,CAD
2023-01-24,1.0053,CHF
2023-01-24,156.1000,ISK
2023-01-24,88.6235,INR
2023-01-24,1.5470,AUD
2023-01-24,5.6164,BRL
2023-01-24,397.3300,HUF
2023-01-24,3.6671,ILS
2023-01-24,16259.0500,IDR
2023-01-24,1.9558,BGN
2023-01-24,8.5014,HKD
2023-01-25,1.5360,AUD
2023-01-25,7.3778,CNY
2023-01-25,23.8080,CZK
2023-01-25,5.5690,BRL
2023-01-25,16278.9300,IDR
2023-01-25,1.4544,CAD
2023-01-25,7.4381,DKK
2023-01-25,157.1000,ISK
2023-01-25,3.6651,ILS
2023-01-25,0.8825,GBP
2023-01-25,388.7500,HUF
2023-01-25,88.7258,INR
2023-01-25,1.9558,BGN
2023-01-25,8.5202,HKD
2023-01-25,1.0020,CHF
2023-01-26,16298.9700,IDR
2023-01-26,3.7091,ILS
2023-01-26,387.3800,HUF
2023-01-26,5.5572,BRL
2023-01-26,156.5000,ISK
2023-01-26,88.8255,INR
2023-01-26,8.5295,HKD
2023-01-26,7.4383,DKK
2023-01-26,1.9558,BGN
2023-01-26,7.3893,CNY
2023-01-26,23.8180,CZK
2023-01-26,0.8794,GBP
2023-01-26,1.5308,AUD
2023-01-26,1.4568,CAD
2023-01-26,1.0002,CHF
2023-01-27,7.3690,CNY
2023-01-27,154.9000,ISK
2023-01-27,0.8789,GBP
2023-01-27,388.8500,HUF
2023-01-27,1.5289,AUD
2023-01-27,16281.1500,IDR
2023-01-27,3.7353,ILS
2023-01-27,1.4479,CAD
2023-01-27,1.9558,BGN
2023-01-27,1.0017,CHF
2023-01-27,88.6720,INR
2023-01-27,5.5104,BRL
2023-01-27,8.5061,HKD
2023-01-27,23.8260,CZK
2023-01-27,7.4378,DKK
2023-01-28,0.8789,GBP
2023-01-28,1.0017,CHF
2023-01-28,1.9558,BGN
2023-01-28,88.6720,INR
2023-01-28,154.9000,ISK
2023-01-28,7.3690,CNY
2023-01-28,23.8260,CZK
2023-01-28,5.5104,BRL
2023-01-28,8.5061,HKD
2023-01-28,16281.1500,IDR
2023-01-28,1.4479,CAD
2023-01-28,3.7353,ILS
2023-01-28,1.5289,AUD
2023-01-28,388.8500,HUF
2023-01-28,7.4378,DKK
2023-01-29,23.8260,CZK
2023-01-29,8.5061,HKD
2023-01-29,1.9558,BGN
2023-01-29,7.3690,CNY
2023-01-29,0.8789,GBP
2023-01-29,1.4479,CAD
2023-01-29,154.9000,ISK
2023-01-29,88.6720,INR
2023-01-29,5.5104,BRL
2023-01-29,388.8500,HUF
2023-01-29,16281.1500,IDR
2023-01-29,7.4378,DKK
2023-01-29,3.7353,ILS
2023-01-29,1.5289,AUD
2023-01-29,1.0017,CHF
2023-01-30,1.0045,CHF
2023-01-30,153.3000,ISK
2023-01-30,88.8885,INR
2023-01-30,390.5300,HUF
2023-01-30,1.9558,BGN
2023-01-30,0.8798,GBP
2023-01-30,7.4383,DKK
2023-01-30,3.7786,ILS
2023-01-30,5.5654,BRL
2023-01-30,23.8610,CZK
2023-01-30,1.4532,CAD
2023-01-30,1.5390,AUD
2023-01-30,7.3601,CNY
2023-01-30,8.5415,HKD
2023-01-30,16335.2800,IDR
2023-01-31,1.4570,CAD
2023-01-31,1.5476,AUD
2023-01-31,88.6360,INR
2023-01-31,5.5373,BRL
2023-01-31,7.3198,CNY
2023-01-31,8.4898,HKD
2023-01-31,1.9558,BGN
2023-01-31,390.9100,HUF
2023-01-31,16282.5700,IDR
2023-01-31,7.4388,DKK
2023-01-31,0.8807,GBP
2023-01-31,153.1000,ISK
2023-01-31,1.0032,CHF
2023-01-31,23.7920,CZK
2023-01-31,3.7675,ILS
2023-02-01,390.2000,HUF
2023-02-01,5.5174,BRL
2023-02-01,7.4396,DKK
2023-02-01,153.5000,ISK
2023-02-01,89.1060,INR
2023-02-01,0.9980,CHF
2023-02-01,1.4506,CAD
2023-02-01,3.7690,ILS
2023-02-01,1.5392,AUD
2023-02-01,16299.4700,IDR
2023-02-01,7.3452,CNY
2023-02-01,23.7750,CZK
2023-02-01,0.8841,GBP
2023-02-01,1.9558,BGN
2023-02-01,8.5444,HKD
2023-02-02,23.8090,CZK
2023-02-02,1.5407,AUD
2023-02-02,3.7577,ILS
2023-02-02,0.9992,CHF
2023-02-02,1.4602,CAD
2023-02-02,153.5000,ISK
2023-02-02,7.4393,DKK
2023-02-02,0.8929,GBP
2023-02-02,8.6183,HKD
2023-02-02,1.9558,BGN
2023-02-02,7.3878,CNY
2023-02-02,90.3015,INR
2023-02-02,16360.6900,IDR
2023-02-02,387.2000,HUF
2023-02-02,5.4859,BRL
2023-02-03,0.8925,GBP
2023-02-03,5.5414,BRL
2023-02-03,0.9989,CHF
2023-02-03,1.9558,BGN
2023-02-03,16312.7000,IDR
2023-02-03,1.4616,CAD
2023-02-03,89.5920,INR
2023-02-03,386.5800,HUF
2023-02-03,1.5499,AUD
2023-02-03,153.7000,ISK
2023-02-03,7.3689,CNY
2023-02-03,23.7250,CZK
2023-02-03,7.4443,DKK
2023-02-03,8.5802,HKD
2023-02-03,3.7207,ILS
2023-02-04,0.8925,GBP
2023-02-04,7.4443,DKK
2023-02-04,153.7000,ISK
2023-02-04,1.4616,CAD
2023-02-04,0.9989,CHF
2023-02-04,89.5920,INR
2023-02-04,5.5414,BRL
2023-02-04,386.5800,HUF
2023-02-04,1.9558,BGN
2023-02-04,1.5499,AUD
2023-02-04,3.7207,ILS
2023-02-04,16312.7000,IDR
2023-02-04,8.5802,HKD
2023-02-04,23.7250,CZK
2023-02-04,7.3689,CNY
2023-02-05,7.3689,CNY
2023-02-05,1.4616,CAD
2023-02-05,386.5800,HUF
2023-02-05,8.5802,HKD
2023-02-05,1.5499,AUD
2023-02-05,1.9558,BGN
2023-02-05,0.9989,CHF
2023-02-05,0.8925,GBP
2023-02-05,5.5414,BRL
2023-02-05,3.7207,ILS
2023-02-05,23.7250,CZK
2023-02-05,16312.7000,IDR
2023-02-05,7.4443,DKK
2023-02-05,89.5920,INR
2023-02-05,153.7000,ISK
2023-02-06,3.7338,ILS
2023-02-06,5.5625,BRL
2023-02-06,0.9964,CHF
2023-02-06,8.4539,HKD
2023-02-06,7.3090,CNY
2023-02-06,23.8430,CZK
2023-02-06,89.0922,INR
2023-02-06,1.4459,CAD
2023-02-06,1.9558,BGN
2023-02-06,1.5596,AUD
2023-02-06,0.8928,GBP
2023-02-06,390.8300,HUF
2023-02-06,16338.3600,IDR
2023-02-06,7.4432,DKK
2023-02-06,152.9000,ISK
2023-02-07,394.4000,HUF
2023-02-07,5.5216,BRL
2023-02-07,3.7237,ILS
2023-02-07,0.9906,CHF
2023-02-07,8.3974,HKD
2023-02-07,7.2608,CNY
2023-02-07,152.1000,ISK
2023-02-07,23.8320,CZK
2023-02-07,7.4415,DKK
2023-02-07,1.5470,AUD
2023-02-07,16239.1300,IDR
2023-02-07,1.4371,CAD
2023-02-07,1.9558,BGN
2023-02-07,0.8934,GBP
2023-02-07,88.5096,INR
2023-02-08,0.9881,CHF
2023-02-08,1.4389,CAD
2023-02-08,16227.3900,IDR
2023-02-08,8.4265,HKD
2023-02-08,23.7820,CZK
2023-02-08,88.5940,INR
2023-02-08,3.7408,ILS
2023-02-08,7.2841,CNY
2023-02-08,1.9558,BGN
2023-02-08,0.8880,GBP
2023-02-08,7.4421,DKK
2023-02-08,388.7300,HUF
2023-02-08,1.5416,AUD
2023-02-08,5.5644,BRL
2023-02-08,151.5000,ISK
2023-02-09,3.7576,ILS
2023-02-09,88.8905,INR
2023-02-09,0.9890,CHF
2023-02-09,7.4419,DKK
2023-02-09,16279.9500,IDR
2023-02-09,5.6165,BRL
2023-02-09,385.8000,HUF
2023-02-09,8.4551,HKD
2023-02-09,0.8851,GBP
2023-02-09,1.4423,CAD
2023-02-09,1.9558,BGN
2023-02-09,23.6980,CZK
2023-02-09,7.2992,CNY
2023-02-09,1.5409,AUD
2023-02-09,151.1000,ISK
2023-02-10,16233.3300,IDR
2023-02-10,1.5432,AUD
2023-02-10,7.4445,DKK
2023-02-10,3.7820,ILS
2023-02-10,389.7800,HUF
2023-02-10,0.9872,CHF
2023-02-10,1.9558,BGN
2023-02-10,0.8835,GBP
2023-02-10,1.4364,CAD
2023-02-10,7.2837,CNY
2023-02-10,23.6920,CZK
2023-02-10,8.3916,HKD
2023-02-10,88.2475,INR
2023-02-10,5.6245,BRL
2023-02-10,152.1000,ISK
2023-02-11,5.6245,BRL
2023-02-11,7.2837,CNY
2023-02-11,3.7820,ILS
2023-02-11,23.6920,CZK
2023-02-11,8.3916,HKD
2023-02-11,88.2475,INR
2023-02-11,1.9558,BGN
2023-02-11,16233.3300,IDR
2023-02-11,389.7800,HUF
2023-02-11,1.5432,AUD
2023-02-11,7.4445,DKK
2023-02-11,0.9872,CHF
2023-02-11,152.1000,ISK
2023-02-11,1.4364,CAD
2023-02-11,0.8835,GBP
2023-02-12,152.1000,ISK
2023-02-12,0.9872,CHF
2023-02-12,88.2475,INR
2023-02-12,8.3916,HKD
2023-02-12,5.6245,BRL
2023-02-12,7.2837,CNY
2023-02-12,23.6920,CZK
2023-02-12,1.9558,BGN
2023-02-12,0.8835,GBP
2023-02-12,389.7800,HUF
2023-02-12,1.4364,CAD
2023-02-12,16233.3300,IDR
2023-02-12,1.5432,AUD
2023-02-12,3.7820,ILS
2023-02-12,7.4445,DKK
2023-02-13,385.4800,HUF
2023-02-13,153.1000,ISK
2023-02-13,7.2930,CNY
2023-02-13,7.4485,DKK
2023-02-13,8.3885,HKD
2023-02-13,1.4263,CAD
2023-02-13,88.3950,INR
2023-02-13,3.7814,ILS
2023-02-13,0.9849,CHF
2023-02-13,16278.4400,IDR
2023-02-13,1.9558,BGN
2023-02-13,1.5388,AUD
2023-02-13,0.8828,GBP
2023-02-13,23.7390,CZK
2023-02-13,5.5576,BRL
2023-02-14,0.9870,CHF
2023-02-14,89.1227,INR
2023-02-14,16303.5300,IDR
2023-02-14,382.4500,HUF
2023-02-14,0.8812,GBP
2023-02-14,8.4457,HKD
2023-02-14,3.7724,ILS
2023-02-14,153.3000,ISK
2023-02-14,1.9558,BGN
2023-02-14,7.3314,CNY
2023-02-14,1.4332,CAD
2023-02-14,7.4514,DKK
2023-02-14,5.5552,BRL
2023-02-14,1.5411,AUD
2023-02-14,23.7490,CZK
2023-02-15,0.8882,GBP
2023-02-15,7.4515,DKK
2023-02-15,0.9885,CHF
2023-02-15,380.5800,HUF
2023-02-15,7.3229,CNY
2023-02-15,23.6660,CZK
2023-02-15,8.3983,HKD
2023-02-15,16320.5500,IDR
2023-02-15,88.6415,INR
2023-02-15,5.5860,BRL
2023-02-15,153.9000,ISK
2023-02-15,1.9558,BGN
2023-02-15,3.7730,ILS
2023-02-15,1.4356,CAD
2023-02-15,1.5529,AUD
2023-02-16,1.5500,AUD
2023-02-16,0.9873,CHF
2023-02-16,154.3000,ISK
2023-02-16,0.8888,GBP
2023-02-16,88.4574,INR
2023-02-16,1.4334,CAD
2023-02-16,3.7907,ILS
2023-02-16,23.6850,CZK
2023-02-16,1.9558,BGN
2023-02-16,8.3985,HKD
2023-02-16,5.6090,BRL
2023-02-16,7.3351,CNY
2023-02-16,382.6500,HUF
2023-02-16,7.4490,DKK
2023-02-16,16193.3800,IDR
2023-02-17,7.4464,DKK
2023-02-17,386.6100,HUF
2023-02-17,8.3349,HKD
2023-02-17,1.5560,AUD
2023-02-17,88.0210,INR
2023-02-17,3.7850,ILS
2023-02-17,0.8889,GBP
2023-02-17,1.4366,CAD
2023-02-17,0.9896,CHF
2023-02-17,154.1000,ISK
2023-02-17,16160.7000,IDR
2023-02-17,7.3081,CNY
2023-02-17,23.7150,CZK
2023-02-17,5.5487,BRL
2023-02-17,1.9558,BGN
2023-02-18,1.4366,CAD
2023-02-18,386.6100,HUF
2023-02-18,3.7850,ILS
2023-02-18,23.7150,CZK
2023-02-18,8.3349,HKD
2023-02-18,1.5560,AUD
2023-02-18,0.8889,GBP
2023-02-18,88.0210,INR
2023-02-18,7.4464,DKK
2023-02-18,7.3081,CNY
2023-02-18,154.1000,ISK
2023-02-18,0.9896,CHF
2023-02-18,16160.7000,IDR
2023-02-18,5.5487,BRL
2023-02-18,1.9558,BGN
2023-02-19,1.4366,CAD
2023-02-19,3.7850,ILS
2023-02-19,154.1000,ISK
2023-02-19,1.9558,BGN
2023-02-19,8.3349,HKD
2023-02-19,88.0210,INR
2023-02-19,0.9896,CHF
2023-02-19,7.4464,DKK
2023-02-19,0.8889,GBP
2023-02-19,23.7150,CZK
2023-02-19,7.3081,CNY
2023-02-19,386.6100,HUF
2023-02-19,1.5560,AUD
2023-02-19,5.5487,BRL
2023-02-19,16160.7000,IDR
2023-02-20,154.7000,ISK
2023-02-20,7.3191,CNY
2023-02-20,8.3623,HKD
2023-02-20,1.9558,BGN
2023-02-20,382.8300,HUF
2023-02-20,88.3060,INR
2023-02-20,1.5456,AUD
2023-02-20,16178.6900,IDR
2023-02-20,5.5162,BRL
2023-02-20,0.9861,CHF
2023-02-20,3.8032,ILS
2023-02-20,0.8874,GBP
2023-02-20,23.6930,CZK
2023-02-20,7.4461,DKK
2023-02-20,1.4367,CAD
2023-02-21,3.8859,ILS
2023-02-21,0.9853,CHF
2023-02-21,16194.8100,IDR
2023-02-21,88.2835,INR
2023-02-21,154.1000,ISK
2023-02-21,1.9558,BGN
2023-02-21,0.8792,GBP
2023-02-21,5.5110,BRL
2023-02-21,1.5517,AUD
2023-02-21,7.4456,DKK
2023-02-21,382.1900,HUF
2023-02-21,7.3372,CNY
2023-02-21,8.3645,HKD
2023-02-21,1.4351,CAD
2023-02-21,23.7300,CZK
2023-02-22,154.3000,ISK
2023-02-22,0.8794,GBP
2023-02-22,3.8860,ILS
2023-02-22,23.6690,CZK
2023-02-22,382.3300,HUF
2023-02-22,8.3512,HKD
2023-02-22,0.9870,CHF
2023-02-22,1.9558,BGN
2023-02-22,88.2380,INR
2023-02-22,7.3367,CNY
2023-02-22,1.4408,CAD
2023-02-22,7.4459,DKK
2023-02-22,1.5576,AUD
2023-02-22,16178.1200,IDR
2023-02-22,5.5008,BRL
2023-02-23,5.4765,BRL
2023-02-23,23.6860,CZK
2023-02-23,1.5551,AUD
2023-02-23,7.4429,DKK
2023-02-23,381.4300,HUF
2023-02-23,8.3291,HKD
2023-02-23,7.3227,CNY
2023-02-23,0.8814,GBP
2023-02-23,16141.0500,IDR
2023-02-23,87.6695,INR
2023-02-23,1.9558,BGN
2023-02-23,1.4366,CAD
2023-02-23,152.7000,ISK
2023-02-23,3.8401,ILS
2023-02-23,0.9892,CHF
2023-02-24,1.5668,AUD
2023-02-24,23.6430,CZK
2023-02-24,380.6000,HUF
2023-02-24,8.2959,HKD
2023-02-24,0.9898,CHF
2023-02-24,7.4438,DKK
2023-02-24,3.8916,ILS
2023-02-24,7.3398,CNY
2023-02-24,16098.1700,IDR
2023-02-24,0.8824,GBP
2023-02-24,152.7000,ISK
2023-02-24,5.4633,BRL
2023-02-24,1.4374,CAD
2023-02-24,1.9558,BGN
2023-02-24,87.4845,INR
2023-02-25,1.9558,BGN
2023-02-25,380.6000,HUF
2023-02-25,3.8916,ILS
2023-02-25,5.4633,BRL
2023-02-25,23.6430,CZK
2023-02-25,16098.1700,IDR
2023-02-25,87.4845,INR
2023-02-25,7.3398,CNY
2023-02-25,152.7000,ISK
2023-02-25,0.9898,CHF
2023-02-25,0.8824,GBP
2023-02-25,1.4374,CAD
2023-02-25,8.2959,HKD
2023-02-25,1.5668,AUD
2023-02-25,7.4438,DKK
2023-02-26,1.5668,AUD
2023-02-26,3.8916,ILS
2023-02-26,152.7000,ISK
2023-02-26,0.9898,CHF
2023-02-26,0.8824,GBP
2023-02-26,16098.1700,IDR
2023-02-26,1.4374,CAD
2023-02-26,7.3398,CNY
2023-02-26,7.4438,DKK
2023-02-26,5.4633,BRL
2023-02-26,23.6430,CZK
2023-02-26,380.6000,HUF
2023-02-26,1.9558,BGN
2023-02-26,8.2959,HKD
2023-02-26,87.4845,INR
2023-02-27,3.8742,ILS
2023-02-27,7.3378,CNY
2023-02-27,5.4848,BRL
2023-02-27,152.3000,ISK
2023-02-27,0.9929,CHF
2023-02-27,1.5739,AUD
2023-02-27,23.6190,CZK
2023-02-27,7.4426,DKK
2023-02-27,1.4334,CAD
2023-02-27,0.8807,GBP
2023-02-27,16119.6900,IDR
2023-02-27,8.2818,HKD
2023-02-27,1.9558,BGN
2023-02-27,379.9300,HUF
2023-02-27,87.3360,INR
2023-02-28,7.3663,CNY
2023-02-28,87.7205,INR
2023-02-28,8.3351,HKD
2023-02-28,0.9947,CHF
2023-02-28,5.5280,BRL
2023-02-28,1.9558,BGN
2023-02-28,1.4411,CAD
2023-02-28,3.8821,ILS
2023-02-28,23.4970,CZK
2023-02-28,7.4443,DKK
2023-02-28,377.6800,HUF
2023-02-28,16193.4200,IDR
2023-02-28,152.3000,ISK
2023-02-28,1.5760,AUD
2023-02-28,0.8770,GBP
2023-03-01,1.5776,AUD
2023-03-01,88.0848,INR
2023-03-01,23.4260,CZK
2023-03-01,7.4431,DKK
2023-03-01,1.9558,BGN
2023-03-01,373.5800,HUF
2023-03-01,8.3866,HKD
2023-03-01,0.8857,GBP
2023-03-01,1.4531,CAD
2023-03-01,16273.4300,IDR
2023-03-01,3.8729,ILS
2023-03-01,7.3349,CNY
2023-03-01,5.5535,BRL
2023-03-01,151.7000,ISK
2023-03-01,0.9997,CHF
2023-03-02,1.4448,CAD
2023-03-02,23.4870,CZK
2023-03-02,1.5773,AUD
2023-03-02,16246.6300,IDR
2023-03-02,0.8879,GBP
2023-03-02,7.3285,CNY
2023-03-02,7.4417,DKK
2023-03-02,87.5365,INR
2023-03-02,151.1000,ISK
2023-03-02,1.9558,BGN
2023-03-02,374.6300,HUF
2023-03-02,5.5242,BRL
2023-03-02,0.9988,CHF
2023-03-02,8.3244,HKD
2023-03-02,3.8674,ILS
2023-03-03,5.5248,BRL
2023-03-03,7.4412,DKK
2023-03-03,1.5728,AUD
2023-03-03,86.9185,INR
2023-03-03,23.5080,CZK
2023-03-03,378.7100,HUF
2023-03-03,16256.4600,IDR
2023-03-03,150.3000,ISK
2023-03-03,3.8913,ILS
2023-03-03,8.3325,HKD
2023-03-03,1.9558,BGN
2023-03-03,0.9958,CHF
2023-03-03,1.4437,CAD
2023-03-03,0.8853,GBP
2023-03-03,7.3326,CNY
2023-03-04,16256.4600,IDR
2023-03-04,3.8913,ILS
2023-03-04,8.3325,HKD
2023-03-04,86.9185,INR
2023-03-04,0.9958,CHF
2023-03-04,7.3326,CNY
2023-03-04,23.5080,CZK
2023-03-04,1.5728,AUD
2023-03-04,378.7100,HUF
2023-03-04,1.4437,CAD
2023-03-04,1.9558,BGN
2023-03-04,7.4412,DKK
2023-03-04,150.3000,ISK
2023-03-04,5.5248,BRL
2023-03-04,0.8853,GBP
2023-03-05,0.8853,GBP
2023-03-05,378.7100,HUF
2023-03-05,7.4412,DKK
2023-03-05,86.9185,INR
2023-03-05,3.8913,ILS
2023-03-05,0.9958,CHF
2023-03-05,16256.4600,IDR
2023-03-05,5.5248,BRL
2023-03-05,23.5080,CZK
2023-03-05,1.5728,AUD
2023-03-05,1.4437,CAD
2023-03-05,150.3000,ISK
2023-03-05,1.9558,BGN
2023-03-05,8.3325,HKD
2023-03-05,7.3326,CNY
2023-03-06,7.3802,CNY
2023-03-06,7.4423,DKK
2023-03-06,87.1445,INR
2023-03-06,1.9558,BGN
2023-03-06,3.8230,ILS
2023-03-06,377.0000,HUF
2023-03-06,23.5450,CZK
2023-03-06,0.8863,GBP
2023-03-06,0.9947,CHF
2023-03-06,1.4493,CAD
2023-03-06,149.7000,ISK
2023-03-06,1.5807,AUD
2023-03-06,16326.0600,IDR
2023-03-06,5.5356,BRL
2023-03-06,8.3570,HKD
2023-03-07,377.3800,HUF
2023-03-07,5.5224,BRL
2023-03-07,16403.7900,IDR
2023-03-07,7.4426,DKK
2023-03-07,1.6002,AUD
2023-03-07,149.9000,ISK
2023-03-07,1.4552,CAD
2023-03-07,7.3975,CNY
2023-03-07,0.8897,GBP
2023-03-07,0.9959,CHF
2023-03-07,23.4950,CZK
2023-03-07,3.8504,ILS
2023-03-07,1.9558,BGN
2023-03-07,87.2625,INR
2023-03-07,8.3719,HKD
2023-03-08,23.5850,CZK
2023-03-08,149.9000,ISK
2023-03-08,1.5978,AUD
2023-03-08,1.9558,BGN
2023-03-08,86.4210,INR
2023-03-08,7.4412,DKK
2023-03-08,0.8907,GBP
2023-03-08,8.2777,HKD
2023-03-08,1.4499,CAD
2023-03-08,3.7861,ILS
2023-03-08,7.3315,CNY
2023-03-08,5.4510,BRL
2023-03-08,0.9931,CHF
2023-03-08,16290.5200,IDR
2023-03-08,379.8700,HUF
2023-03-09,5.4202,BRL
2023-03-09,0.9911,CHF
2023-03-09,86.6215,INR
2023-03-09,7.4421,DKK
2023-03-09,1.4574,CAD
2023-03-09,1.5965,AUD
2023-03-09,23.6260,CZK
2023-03-09,1.9558,BGN
2023-03-09,149.9000,ISK
2023-03-09,3.8079,ILS
2023-03-09,7.3515,CNY
2023-03-09,8.2848,HKD
2023-03-09,379.1000,HUF
2023-03-09,16294.3000,IDR
2023-03-09,0.8881,GBP
2023-03-10,1.6064,AUD
2023-03-10,7.3594,CNY
2023-03-10,0.9824,CHF
2023-03-10,86.9375,INR
2023-03-10,0.8826,GBP
2023-03-10,8.3095,HKD
2023-03-10,23.6350,CZK
2023-03-10,1.9558,BGN
2023-03-10,150.1000,ISK
2023-03-10,5.5037,BRL
2023-03-10,383.6500,HUF
2023-03-10,16402.9500,IDR
2023-03-10,7.4425,DKK
2023-03-10,3.8118,ILS
2023-03-10,1.4643,CAD
2023-03-11,0.9824,CHF
2023-03-11,3.8118,ILS
2023-03-11,86.9375,INR
2023-03-11,0.8826,GBP
2023-03-11,150.1000,ISK
2023-03-11,383.6500,HUF
2023-03-11,1.6064,AUD
2023-03-11,23.6350,CZK
2023-03-11,5.5037,BRL
2023-03-11,1.4643,CAD
2023-03-11,16402.9500,IDR
2023-03-11,1.9558,BGN
2023-03-11,8.3095,HKD
2023-03-11,7.4425,DKK
2023-03-11,7.3594,CNY
2023-03-12,5.5037,BRL
2023-03-12,1.4643,CAD
2023-03-12,86.9375,INR
2023-03-12,7.4425,DKK
2023-03-12,7.3594,CNY
2023-03-12,0.8826,GBP
2023-03-12,150.1000,ISK
2023-03-12,1.6064,AUD
2023-03-12,23.6350,CZK
2023-03-12,383.6500,HUF
2023-03-12,8.3095,HKD
2023-03-12,0.9824,CHF
2023-03-12,16402.9500,IDR
2023-03-12,3.8118,ILS
2023-03-12,1.9558,BGN
2023-03-13,150.9000,ISK
2023-03-13,23.7470,CZK
2023-03-13,7.4444,DKK
2023-03-13,1.4745,CAD
2023-03-13,1.9558,BGN
2023-03-13,390.9500,HUF
2023-03-13,1.6066,AUD
2023-03-13,16497.9000,IDR
2023-03-13,88.0460,INR
2023-03-13,7.3413,CNY
2023-03-13,8.3963,HKD
2023-03-13,5.6256,BRL
2023-03-13,0.8837,GBP
2023-03-13,3.8814,ILS
2023-03-13,0.9750,CHF
2023-03-14,151.1000,ISK
2023-03-14,1.9558,BGN
2023-03-14,7.4447,DKK
2023-03-14,5.6136,BRL
2023-03-14,23.7910,CZK
2023-03-14,0.8805,GBP
2023-03-14,8.4248,HKD
2023-03-14,391.5000,HUF
2023-03-14,1.6052,AUD
2023-03-14,3.8937,ILS
2023-03-14,0.9784,CHF
2023-03-14,16492.9900,IDR
2023-03-14,1.4689,CAD
2023-03-14,88.4310,INR
2023-03-14,7.3758,CNY
2023-03-15,150.3000,ISK
2023-03-15,397.5000,HUF
2023-03-15,3.8330,ILS
2023-03-15,0.8724,GBP
2023-03-15,1.9558,BGN
2023-03-15,7.4446,DKK
2023-03-15,87.3125,INR
2023-03-15,7.2865,CNY
2023-03-15,0.9727,CHF
2023-03-15,8.2796,HKD
2023-03-15,23.9420,CZK
2023-03-15,16352.5300,IDR
2023-03-15,5.5672,BRL
2023-03-15,1.4504,CAD
2023-03-15,1.5888,AUD
2023-03-16,1.4565,CAD
2023-03-16,7.3045,CNY
2023-03-16,3.8890,ILS
2023-03-16,7.4476,DKK
2023-03-16,1.5932,AUD
2023-03-16,150.1000,ISK
2023-03-16,8.3165,HKD
2023-03-16,396.4300,HUF
2023-03-16,5.6005,BRL
2023-03-16,24.0110,CZK
2023-03-16,0.9820,CHF
2023-03-16,1.9558,BGN
2023-03-16,16365.2100,IDR
2023-03-16,0.8782,GBP
2023-03-16,87.7298,INR
2023-03-17,8.3387,HKD
2023-03-17,5.5872,BRL
2023-03-17,1.4584,CAD
2023-03-17,3.9057,ILS
2023-03-17,16332.0200,IDR
2023-03-17,7.4450,DKK
2023-03-17,0.8749,GBP
2023-03-17,7.3117,CNY
2023-03-17,1.5874,AUD
2023-03-17,149.3000,ISK
2023-03-17,23.9480,CZK
2023-03-17,395.9300,HUF
2023-03-17,0.9858,CHF
2023-03-17,1.9558,BGN
2023-03-17,87.7870,INR
2023-03-18,23.9480,CZK
2023-03-18,395.9300,HUF
2023-03-18,0.9858,CHF
2023-03-18,0.8749,GBP
2023-03-18,1.9558,BGN
2023-03-18,5.5872,BRL
2023-03-18,8.3387,HKD
2023-03-18,16332.0200,IDR
2023-03-18,7.3117,CNY
2023-03-18,3.9057,ILS
2023-03-18,1.4584,CAD
2023-03-18,87.7870,INR
2023-03-18,1.5874,AUD
2023-03-18,7.4450,DKK
2023-03-18,149.3000,ISK
2023-03-19,3.9057,ILS
2023-03-19,5.5872,BRL
2023-03-19,0.9858,CHF
2023-03-19,1.4584,CAD
2023-03-19,149.3000,ISK
2023-03-19,87.7870,INR
2023-03-19,7.4450,DKK
2023-03-19,23.9480,CZK
2023-03-19,0.8749,GBP
2023-03-19,1.9558,BGN
2023-03-19,1.5874,AUD
2023-03-19,8.3387,HKD
2023-03-19,395.9300,HUF
2023-03-19,16332.0200,IDR
2023-03-19,7.3117,CNY
2023-03-20,16453.3800,IDR
2023-03-20,0.8756,GBP
2023-03-20,0.9928,CHF
2023-03-20,3.9359,ILS
2023-03-20,8.4038,HKD
2023-03-20,1.4669,CAD
2023-03-20,399.2100,HUF
2023-03-20,1.9558,BGN
2023-03-20,7.3739,CNY
2023-03-20,7.4450,DKK
2023-03-20,5.6183,BRL
2023-03-20,150.1000,ISK
2023-03-20,1.5978,AUD
2023-03-20,88.4900,INR
2023-03-20,23.9880,CZK
2023-03-21,391.5800,HUF
2023-03-21,150.1000,ISK
2023-03-21,8.4547,HKD
2023-03-21,1.6136,AUD
2023-03-21,3.9370,ILS
2023-03-21,89.0308,INR
2023-03-21,16490.7500,IDR
2023-03-21,1.9558,BGN
2023-03-21,23.8460,CZK
2023-03-21,0.8803,GBP
2023-03-21,1.4726,CAD
2023-03-21,0.9970,CHF
2023-03-21,5.6491,BRL
2023-03-21,7.4058,CNY
2023-03-21,7.4465,DKK
2023-03-22,1.4782,CAD
2023-03-22,0.9960,CHF
2023-03-22,1.6132,AUD
2023-03-22,149.9000,ISK
2023-03-22,16465.0800,IDR
2023-03-22,23.7220,CZK
2023-03-22,1.9558,BGN
2023-03-22,89.0800,INR
2023-03-22,8.4636,HKD
2023-03-22,5.6683,BRL
2023-03-22,7.4238,CNY
2023-03-22,388.5500,HUF
2023-03-22,0.8792,GBP
2023-03-22,3.9207,ILS
2023-03-22,7.4472,DKK
2023-03-23,1.9558,BGN
2023-03-23,3.9371,ILS
2023-03-23,149.9000,ISK
2023-03-23,1.6242,AUD
2023-03-23,8.5396,HKD
2023-03-23,7.4482,DKK
2023-03-23,23.6580,CZK
2023-03-23,89.4810,INR
2023-03-23,16450.6300,IDR
2023-03-23,0.9969,CHF
2023-03-23,1.4875,CAD
2023-03-23,5.6995,BRL
2023-03-23,7.4312,CNY
2023-03-23,384.7500,HUF
2023-03-23,0.8852,GBP
2023-03-24,0.8794,GBP
2023-03-24,1.4816,CAD
2023-03-24,150.1000,ISK
2023-03-24,16316.0500,IDR
2023-03-24,1.9558,BGN
2023-03-24,3.8755,ILS
2023-03-24,7.3826,CNY
2023-03-24,23.6820,CZK
2023-03-24,386.8000,HUF
2023-03-24,1.6189,AUD
2023-03-24,7.4519,DKK
2023-03-24,5.7298,BRL
2023-03-24,0.9874,CHF
2023-03-24,88.5650,INR
2023-03-24,8.4344,HKD
2023-03-25,1.6189,AUD
2023-03-25,5.7298,BRL
2023-03-25,16316.0500,IDR
2023-03-25,150.1000,ISK
2023-03-25,7.4519,DKK
2023-03-25,88.5650,INR
2023-03-25,1.4816,CAD
2023-03-25,1.9558,BGN
2023-03-25,386.8000,HUF
2023-03-25,7.3826,CNY
2023-03-25,0.8794,GBP
2023-03-25,0.9874,CHF
2023-03-25,3.8755,ILS
2023-03-25,8.4344,HKD
2023-03-25,23.6820,CZK
2023-03-26,23.6820,CZK
2023-03-26,88.5650,INR
2023-03-26,0.8794,GBP
2023-03-26,5.7298,BRL
2023-03-26,7.3826,CNY
2023-03-26,1.6189,AUD
2023-03-26,0.9874,CHF
2023-03-26,386.8000,HUF
2023-03-26,16316.0500,IDR
2023-03-26,7.4519,DKK
2023-03-26,3.8755,ILS
2023-03-26,1.4816,CAD
2023-03-26,8.4344,HKD
2023-03-26,150.1000,ISK
2023-03-26,1.9558,BGN
2023-03-27,7.4131,CNY
2023-03-27,0.9875,CHF
2023-03-27,1.4769,CAD
2023-03-27,8.4566,HKD
2023-03-27,0.8782,GBP
2023-03-27,88.6672,INR
2023-03-27,385.3000,HUF
2023-03-27,5.6362,BRL
2023-03-27,7.4515,DKK
2023-03-27,16319.1600,IDR
2023-03-27,1.9558,BGN
2023-03-27,23.7320,CZK
2023-03-27,1.6204,AUD
2023-03-27,149.9000,ISK
2023-03-27,3.8412,ILS
2023-03-28,0.9947,CHF
2023-03-28,1.4803,CAD
2023-03-28,7.4554,CNY
2023-03-28,3.8409,ILS
2023-03-28,382.9500,HUF
2023-03-28,8.5100,HKD
2023-03-28,148.1000,ISK
2023-03-28,16353.4000,IDR
2023-03-28,1.6219,AUD
2023-03-28,23.6680,CZK
2023-03-28,7.4492,DKK
2023-03-28,1.9558,BGN
2023-03-28,89.0640,INR
2023-03-28,5.6080,BRL
2023-03-28,0.8794,GBP
2023-03-29,7.4679,CNY
2023-03-29,16335.1700,IDR
2023-03-29,7.4495,DKK
2023-03-29,1.6252,AUD
2023-03-29,1.4739,CAD
2023-03-29,379.8000,HUF
2023-03-29,0.9973,CHF
2023-03-29,0.8799,GBP
2023-03-29,23.6310,CZK
2023-03-29,3.8709,ILS
2023-03-29,5.5958,BRL
2023-03-29,148.7000,ISK
2023-03-29,8.5147,HKD
2023-03-29,89.2985,INR
2023-03-29,1.9558,BGN
2023-03-30,1.6263,AUD
2023-03-30,380.6300,HUF
2023-03-30,0.9963,CHF
2023-03-30,16376.0400,IDR
2023-03-30,89.3575,INR
2023-03-30,0.8816,GBP
2023-03-30,8.5455,HKD
2023-03-30,7.4493,DKK
2023-03-30,23.5470,CZK
2023-03-30,1.9558,BGN
2023-03-30,1.4740,CAD
2023-03-30,3.9055,ILS
2023-03-30,5.5531,BRL
2023-03-30,148.1000,ISK
2023-03-30,7.4898,CNY
2023-03-31,0.8792,GBP
2023-03-31,3.9284,ILS
2023-03-31,8.5367,HKD
2023-03-31,7.4763,CNY
2023-03-31,89.3995,INR
2023-03-31,1.9558,BGN
2023-03-31,5.5158,BRL
2023-03-31,16300.1900,IDR
2023-03-31,23.4920,CZK
2023-03-31,7.4485,DKK
2023-03-31,379.5000,HUF
2023-03-31,0.9968,CHF
2023-03-31,148.3000,ISK
2023-03-31,1.6268,AUD
2023-03-31,1.4737,CAD
2023-04-01,379.5000,HUF
2023-04-01,3.9284,ILS
2023-04-01,89.3995,INR
2023-04-01,148.3000,ISK
2023-04-01,8.5367,HKD
2023-04-01,0.8792,GBP
2023-04-01,16300.1900,IDR
2023-04-01,7.4485,DKK
2023-04-01,1.6268,AUD
2023-04-01,1.9558,BGN
2023-04-01,5.5158,BRL
2023-04-01,0.9968,CHF
2023-04-01,1.4737,CAD
2023-04-01,7.4763,CNY
2023-04-01,23.4920,CZK
2023-04-02,7.4485,DKK
2023-04-02,89.3995,INR
2023-04-02,5.5158,BRL
2023-04-02,3.9284,ILS
2023-04-02,1.6268,AUD
2023-04-02,1.4737,CAD
2023-04-02,16300.1900,IDR
2023-04-02,1.9558,BGN
2023-04-02,0.8792,GBP
2023-04-02,7.4763,CNY
2023-04-02,8.5367,HKD
2023-04-02,0.9968,CHF
2023-04-02,379.5000,HUF
2023-04-02,148.3000,ISK
2023-04-02,23.4920,CZK
2023-04-03,0.8779,GBP
2023-04-03,16269.1300,IDR
2023-04-03,23.4400,CZK
2023-04-03,1.4628,CAD
2023-04-03,0.9949,CHF
2023-04-03,378.8400,HUF
2023-04-03,89.4710,INR
2023-04-03,149.7000,ISK
2023-04-03,1.9558,BGN
2023-04-03,1.6080,AUD
2023-04-03,7.4832,CNY
2023-04-03,7.4504,DKK
2023-04-03,5.4786,BRL
2023-04-03,8.5328,HKD
2023-04-03,3.9055,ILS
2023-04-04,7.4513,DKK
2023-04-04,149.3000,ISK
2023-04-04,1.6154,AUD
2023-04-04,376.8300,HUF
2023-04-04,8.5569,HKD
2023-04-04,0.9954,CHF
2023-04-04,23.4180,CZK
2023-04-04,7.5034,CNY
2023-04-04,0.8733,GBP
2023-04-04,16251.4800,IDR
2023-04-04,1.9558,BGN
2023-04-04,1.4641,CAD
2023-04-04,5.5121,BRL
2023-04-04,89.5900,INR
2023-04-04,3.8855,ILS
2023-04-05,3.9226,ILS
2023-04-05,7.4498,DKK
2023-04-05,5.5497,BRL
2023-04-05,149.7000,ISK
2023-04-05,1.6325,AUD
2023-04-05,376.1900,HUF
2023-04-05,8.5877,HKD
2023-04-05,89.7215,INR
2023-04-05,23.4290,CZK
2023-04-05,0.9901,CHF
2023-04-05,0.8769,GBP
2023-04-05,16330.9000,IDR
2023-04-05,1.9558,BGN
2023-04-05,7.5265,CNY
2023-04-05,1.4719,CAD
2023-04-06,5.5096,BRL
2023-04-06,16290.6300,IDR
2023-04-06,1.6312,AUD
2023-04-06,3.9261,ILS
2023-04-06,376.1000,HUF
2023-04-06,0.8750,GBP
2023-04-06,1.9558,BGN
2023-04-06,7.4510,DKK
2023-04-06,1.4704,CAD
2023-04-06,7.5014,CNY
2023-04-06,89.3655,INR
2023-04-06,23.4090,CZK
2023-04-06,0.9878,CHF
2023-04-06,8.5682,HKD
2023-04-06,149.7000,ISK
2023-04-07,7.5014,CNY
2023-04-07,1.9558,BGN
2023-04-07,3.9261,ILS
2023-04-07,0.9878,CHF
2023-04-07,1.6312,AUD
2023-04-07,23.4090,CZK
2023-04-07,5.5096,BRL
2023-04-07,8.5682,HKD
2023-04-07,89.3655,INR
2023-04-07,376.1000,HUF
2023-04-07,0.8750,GBP
2023-04-07,16290.6300,IDR
2023-04-07,1.4704,CAD
2023-04-07,149.7000,ISK
2023-04-07,7.4510,DKK
2023-04-08,149.7000,ISK
2023-04-08,1.9558,BGN
2023-04-08,89.3655,INR
2023-04-08,376.1000,HUF
2023-04-08,7.5014,CNY
2023-04-08,1.4704,CAD
2023-04-08,5.5096,BRL
2023-04-08,3.9261,ILS
2023-04-08,7.4510,DKK
2023-04-08,0.9878,CHF
2023-04-08,0.8750,GBP
2023-04-08,23.4090,CZK
2023-04-08,1.6312,AUD
2023-04-08,16290.6300,IDR
2023-04-08,8.5682,HKD
2023-04-09,0.9878,CHF
2023-04-09,5.5096,BRL
2023-04-09,0.8750,GBP
2023-04-09,23.4090,CZK
2023-04-09,376.1000,HUF
2023-04-09,1.4704,CAD
2023-04-09,16290.6300,IDR
2023-04-09,1.9558,BGN
2023-04-09,3.9261,ILS
2023-04-09,89.3655,INR
2023-04-09,7.4510,DKK
2023-04-09,8.5682,HKD
2023-04-09,1.6312,AUD
2023-04-09,7.5014,CNY
2023-04-09,149.7000,ISK
2023-04-10,376.1000,HUF
2023-04-10,0.9878,CHF
2023-04-10,16290.6300,IDR
2023-04-10,89.3655,INR
2023-04-10,8.5682,HKD
2023-04-10,3.9261,ILS
2023-04-10,149.7000,ISK
2023-04-10,0.8750,GBP
2023-04-10,7.5014,CNY
2023-04-10,23.4090,CZK
2023-04-10,5.5096,BRL
2023-04-10,1.6312,AUD
2023-04-10,1.9558,BGN
2023-04-10,1.4704,CAD
2023-04-10,7.4510,DKK
2023-04-11,5.5072,BRL
2023-04-11,0.8774,GBP
2023-04-11,8.5603,HKD
2023-04-11,23.4690,CZK
2023-04-11,1.6387,AUD
2023-04-11,0.9868,CHF
2023-04-11,7.4505,DKK
2023-04-11,3.9722,ILS
2023-04-11,7.5080,CNY
2023-04-11,89.5205,INR
2023-04-11,1.9558,BGN
2023-04-11,149.5000,ISK
2023-04-11,375.2300,HUF
2023-04-11,1.4732,CAD
2023-04-11,16263.2500,IDR
2023-04-12,4.0138,ILS
2023-04-12,1.9558,BGN
2023-04-12,8.5737,HKD
2023-04-12,1.4728,CAD
2023-04-12,23.4210,CZK
2023-04-12,1.6377,AUD
2023-04-12,7.5183,CNY
2023-04-12,7.4506,DKK
2023-04-12,16253.3200,IDR
2023-04-12,376.2300,HUF
2023-04-12,0.9853,CHF
2023-04-12,149.1000,ISK
2023-04-12,5.4635,BRL
2023-04-12,89.6875,INR
2023-04-12,0.8804,GBP
2023-04-13,0.8806,GBP
2023-04-13,0.9804,CHF
2023-04-13,1.4759,CAD
2023-04-13,7.5758,CNY
2023-04-13,4.0277,ILS
2023-04-13,5.4117,BRL
2023-04-13,1.9558,BGN
2023-04-13,90.1665,INR
2023-04-13,7.4509,DKK
2023-04-13,8.6468,HKD
2023-04-13,374.5500,HUF
2023-04-13,1.6343,AUD
2023-04-13,23.2710,CZK
2023-04-13,16224.9300,IDR
2023-04-13,149.1000,ISK
2023-04-14,8.6797,HKD
2023-04-14,4.0426,ILS
2023-04-14,1.9558,BGN
2023-04-14,7.5761,CNY
2023-04-14,1.4725,CAD
2023-04-14,7.4510,DKK
2023-04-14,373.6800,HUF
2023-04-14,16291.7900,IDR
2023-04-14,149.7000,ISK
2023-04-14,5.4410,BRL
2023-04-14,23.3410,CZK
2023-04-14,1.6309,AUD
2023-04-14,90.3595,INR
2023-04-14,0.8844,GBP
2023-04-14,0.9827,CHF
2023-04-15,4.0426,ILS
2023-04-15,149.7000,ISK
2023-04-15,373.6800,HUF
2023-04-15,5.4410,BRL
2023-04-15,1.4725,CAD
2023-04-15,1.9558,BGN
2023-04-15,90.3595,INR
2023-04-15,0.9827,CHF
2023-04-15,16291.7900,IDR
2023-04-15,0.8844,GBP
2023-04-15,7.4510,DKK
2023-04-15,23.3410,CZK
2023-04-15,7.5761,CNY
2023-04-15,1.6309,AUD
2023-04-15,8.6797,HKD
2023-04-16,0.9827,CHF
2023-04-16,90.3595,INR
2023-04-16,1.9558,BGN
2023-04-16,7.5761,CNY
2023-04-16,4.0426,ILS
2023-04-16,1.6309,AUD
2023-04-16,16291.7900,IDR
2023-04-16,1.4725,CAD
2023-04-16,7.4510,DKK
2023-04-16,23.3410,CZK
2023-04-16,373.6800,HUF
2023-04-16,149.7000,ISK
2023-04-16,5.4410,BRL
2023-04-16,0.8844,GBP
2023-04-16,8.6797,HKD
2023-04-17,90.0607,INR
2023-04-17,4.0005,ILS
2023-04-17,371.7000,HUF
2023-04-17,8.6200,HKD
2023-04-17,7.4520,DKK
2023-04-17,1.4673,CAD
2023-04-17,16299.2200,IDR
2023-04-17,1.9558,BGN
2023-04-17,7.5433,CNY
2023-04-17,1.6356,AUD
2023-04-17,149.7000,ISK
2023-04-17,5.3861,BRL
2023-04-17,23.3450,CZK
2023-04-17,0.9812,CHF
2023-04-17,0.8837,GBP
2023-04-18,16319.2300,IDR
2023-04-18,149.7000,ISK
2023-04-18,3.9937,ILS
2023-04-18,8.6129,HKD
2023-04-18,1.9558,BGN
2023-04-18,7.5436,CNY
2023-04-18,1.4679,CAD
2023-04-18,7.4513,DKK
2023-04-18,371.6800,HUF
2023-04-18,0.8814,GBP
2023-04-18,5.3899,BRL
2023-04-18,0.9831,CHF
2023-04-18,23.3730,CZK
2023-04-18,1.6276,AUD
2023-04-18,89.9955,INR
2023-04-19,5.4843,BRL
2023-04-19,4.0007,ILS
2023-04-19,8.5816,HKD
2023-04-19,1.9558,BGN
2023-04-19,89.8985,INR
2023-04-19,7.5406,CNY
2023-04-19,23.4750,CZK
2023-04-19,16390.2100,IDR
2023-04-19,0.9828,CHF
2023-04-19,1.4698,CAD
2023-04-19,149.5000,ISK
2023-04-19,7.4514,DKK
2023-04-19,376.3500,HUF
2023-04-19,0.8811,GBP
2023-04-19,1.6301,AUD
2023-04-20,5.5484,BRL
2023-04-20,4.0022,ILS
2023-04-20,7.4524,DKK
2023-04-20,8.5907,HKD
2023-04-20,1.6290,AUD
2023-04-20,89.9365,INR
2023-04-20,23.5020,CZK
2023-04-20,149.5000,ISK
2023-04-20,7.5298,CNY
2023-04-20,1.9558,BGN
2023-04-20,0.9810,CHF
2023-04-20,377.6800,HUF
2023-04-20,0.8815,GBP
2023-04-20,16364.8100,IDR
2023-04-20,1.4757,CAD
2023-04-21,0.9795,CHF
2023-04-21,377.2300,HUF
2023-04-21,7.4527,DKK
2023-04-21,4.0175,ILS
2023-04-21,5.5432,BRL
2023-04-21,1.6394,AUD
2023-04-21,8.6157,HKD
2023-04-21,150.1000,ISK
2023-04-21,0.8857,GBP
2023-04-21,16423.0900,IDR
2023-04-21,23.5650,CZK
2023-04-21,7.5619,CNY
2023-04-21,1.9558,BGN
2023-04-21,1.4859,CAD
2023-04-21,90.1090,INR
2023-04-22,8.6157,HKD
2023-04-22,4.0175,ILS
2023-04-22,0.8857,GBP
2023-04-22,23.5650,CZK
2023-04-22,1.6394,AUD
2023-04-22,7.5619,CNY
2023-04-22,377.2300,HUF
2023-04-22,0.9795,CHF
2023-04-22,1.4859,CAD
2023-04-22,90.1090,INR
2023-04-22,150.1000,ISK
2023-04-22,7.4527,DKK
2023-04-22,5.5432,BRL
2023-04-22,1.9558,BGN
2023-04-22,16423.0900,IDR
2023-04-23,7.5619,CNY
2023-04-23,1.9558,BGN
2023-04-23,0.9795,CHF
2023-04-23,377.2300,HUF
2023-04-23,1.4859,CAD
2023-04-23,5.5432,BRL
2023-04-23,1.6394,AUD
2023-04-23,150.1000,ISK
2023-04-23,90.1090,INR
2023-04-23,0.8857,GBP
2023-04-23,23.5650,CZK
2023-04-23,16423.0900,IDR
2023-04-23,4.0175,ILS
2023-04-23,7.4527,DKK
2023-04-23,8.6157,HKD
2023-04-24,23.4390,CZK
2023-04-24,375.1500,HUF
2023-04-24,1.4906,CAD
2023-04-24,0.8846,GBP
2023-04-24,5.5788,BRL
2023-04-24,16447.9900,IDR
2023-04-24,8.6346,HKD
2023-04-24,7.4530,DKK
2023-04-24,1.9558,BGN
2023-04-24,90.1255,INR
2023-04-24,7.5837,CNY
2023-04-24,1.6468,AUD
2023-04-24,150.1000,ISK
2023-04-24,4.0244,ILS
2023-04-24,0.9800,CHF
2023-04-25,4.0146,ILS
2023-04-25,16463.5900,IDR
2023-04-25,90.3310,INR
2023-04-25,150.3000,ISK
2023-04-25,23.4760,CZK
2023-04-25,5.5729,BRL
2023-04-25,1.4984,CAD
2023-04-25,0.9786,CHF
2023-04-25,375.4200,HUF
2023-04-25,0.8864,GBP
2023-04-25,8.6520,HKD
2023-04-25,7.4530,DKK
2023-04-25,7.6289,CNY
2023-04-25,1.9558,BGN
2023-04-25,1.6564,AUD
2023-04-26,0.9824,CHF
2023-04-26,4.0161,ILS
2023-04-26,8.6655,HKD
2023-04-26,16389.5700,IDR
2023-04-26,375.8300,HUF
2023-04-26,1.5035,CAD
2023-04-26,5.5739,BRL
2023-04-26,7.6424,CNY
2023-04-26,7.4534,DKK
2023-04-26,23.4770,CZK
2023-04-26,0.8856,GBP
2023-04-26,149.7000,ISK
2023-04-26,1.6725,AUD
2023-04-26,1.9558,BGN
2023-04-26,90.2465,INR
2023-04-27,7.4538,DKK
2023-04-27,4.0184,ILS
2023-04-27,149.7000,ISK
2023-04-27,1.6672,AUD
2023-04-27,1.9558,BGN
2023-04-27,1.5041,CAD
2023-04-27,23.5120,CZK
2023-04-27,7.6454,CNY
2023-04-27,8.6679,HKD
2023-04-27,0.8843,GBP
2023-04-27,0.9862,CHF
2023-04-27,16252.5700,IDR
2023-04-27,373.5800,HUF
2023-04-27,90.3185,INR
2023-04-27,5.5532,BRL
2023-04-28,373.7800,HUF
2023-04-28,1.9558,BGN
2023-04-28,5.4872,BRL
2023-04-28,149.1000,ISK
2023-04-28,0.8805,GBP
2023-04-28,3.9939,ILS
2023-04-28,7.4538,DKK
2023-04-28,16111.9000,IDR
2023-04-28,1.6664,AUD
2023-04-28,0.9839,CHF
2023-04-28,89.8555,INR
2023-04-28,23.5020,CZK
2023-04-28,7.5979,CNY
2023-04-28,1.4981,CAD
2023-04-28,8.6199,HKD
2023-04-29,7.5979,CNY
2023-04-29,0.8805,GBP
2023-04-29,23.5020,CZK
2023-04-29,0.9839,CHF
2023-04-29,373.7800,HUF
2023-04-29,5.4872,BRL
2023-04-29,16111.9000,IDR
2023-04-29,1.6664,AUD
2023-04-29,89.8555,INR
2023-04-29,8.6199,HKD
2023-04-29,1.9558,BGN
2023-04-29,149.1000,ISK
2023-04-29,1.4981,CAD
2023-04-29,3.9939,ILS
2023-04-29,7.4538,DKK
2023-04-30,1.6664,AUD
2023-04-30,1.9558,BGN
2023-04-30,0.9839,CHF
2023-04-30,3.9939,ILS
2023-04-30,16111.9000,IDR
2023-04-30,8.6199,HKD
2023-04-30,23.5020,CZK
2023-04-30,89.8555,INR
2023-04-30,1.4981,CAD
2023-04-30,0.8805,GBP
2023-04-30,373.7800,HUF
2023-04-30,7.4538,DKK
2023-04-30,5.4872,BRL
2023-04-30,7.5979,CNY
2023-04-30,149.1000,ISK
2023-05-01,8.6199,HKD
2023-05-01,16111.9000,IDR
2023-05-01,3.9939,ILS
2023-05-01,23.5020,CZK
2023-05-01,1.9558,BGN
2023-05-01,1.4981,CAD
2023-05-01,0.9839,CHF
2023-05-01,7.4538,DKK
2023-05-01,89.8555,INR
2023-05-01,0.8805,GBP
2023-05-01,5.4872,BRL
2023-05-01,373.7800,HUF
2023-05-01,149.1000,ISK
2023-05-01,1.6664,AUD
2023-05-01,7.5979,CNY
2023-05-02,5.4853,BRL
2023-05-02,3.9717,ILS
2023-05-02,1.6371,AUD
2023-05-02,16143.3700,IDR
2023-05-02,7.4538,DKK
2023-05-02,89.7515,INR
2023-05-02,8.6075,HKD
2023-05-02,1.9558,BGN
2023-05-02,0.9841,CHF
2023-05-02,0.8787,GBP
2023-05-02,371.9800,HUF
2023-05-02,1.4885,CAD
2023-05-02,149.7000,ISK
2023-05-02,7.5791,CNY
2023-05-02,23.5870,CZK
2023-05-03,16211.3700,IDR
2023-05-03,7.6330,CNY
2023-05-03,7.4514,DKK
2023-05-03,375.6300,HUF
2023-05-03,0.9809,CHF
2023-05-03,5.5521,BRL
2023-05-03,8.6687,HKD
2023-05-03,4.0163,ILS
2023-05-03,150.1000,ISK
2023-05-03,1.5045,CAD
2023-05-03,1.6564,AUD
2023-05-03,0.8827,GBP
2023-05-03,90.3465,INR
2023-05-03,23.5590,CZK
2023-05-03,1.9558,BGN
2023-05-04,0.9802,CHF
2023-05-04,150.1000,ISK
2023-05-04,1.5072,CAD
2023-05-04,373.9400,HUF
2023-05-04,0.8801,GBP
2023-05-04,1.9558,BGN
2023-05-04,4.0268,ILS
2023-05-04,16263.5900,IDR
2023-05-04,90.5495,INR
2023-05-04,7.6538,CNY
2023-05-04,23.4600,CZK
2023-05-04,5.5194,BRL
2023-05-04,7.4503,DKK
2023-05-04,1.6585,AUD
2023-05-04,8.6909,HKD
2023-05-05,0.8738,GBP
2023-05-05,23.4010,CZK
2023-05-05,0.9828,CHF
2023-05-05,7.4499,DKK
2023-05-05,5.4960,BRL
2023-05-05,1.4860,CAD
2023-05-05,7.6112,CNY
2023-05-05,8.6434,HKD
2023-05-05,372.4800,HUF
2023-05-05,1.9558,BGN
2023-05-05,90.0010,INR
2023-05-05,16156.4900,IDR
2023-05-05,1.6379,AUD
2023-05-05,150.1000,ISK
2023-05-05,4.0159,ILS
2023-05-06,8.6434,HKD
2023-05-06,1.9558,BGN
2023-05-06,0.8738,GBP
2023-05-06,90.0010,INR
2023-05-06,1.4860,CAD
2023-05-06,5.4960,BRL
2023-05-06,23.4010,CZK
2023-05-06,16156.4900,IDR
2023-05-06,7.4499,DKK
2023-05-06,372.4800,HUF
2023-05-06,4.0159,ILS
2023-05-06,1.6379,AUD
2023-05-06,0.9828,CHF
2023-05-06,7.6112,CNY
2023-05-06,150.1000,ISK
2023-05-07,150.1000,ISK
2023-05-07,7.4499,DKK
2023-05-07,23.4010,CZK
2023-05-07,16156.4900,IDR
2023-05-07,372.4800,HUF
2023-05-07,1.6379,AUD
2023-05-07,1.4860,CAD
2023-05-07,0.8738,GBP
2023-05-07,8.6434,HKD
2023-05-07,5.4960,BRL
2023-05-07,4.0159,ILS
2023-05-07,0.9828,CHF
2023-05-07,1.9558,BGN
2023-05-07,90.0010,INR
2023-05-07,7.6112,CNY
2023-05-08,1.6244,AUD
2023-05-08,4.0132,ILS
2023-05-08,372.2000,HUF
2023-05-08,150.5000,ISK
2023-05-08,1.9558,BGN
2023-05-08,8.6618,HKD
2023-05-08,0.8723,GBP
2023-05-08,7.6347,CNY
2023-05-08,90.2775,INR
2023-05-08,23.4100,CZK
2023-05-08,1.4710,CAD
2023-05-08,16237.4200,IDR
2023-05-08,5.4613,BRL
2023-05-08,0.9813,CHF
2023-05-08,7.4473,DKK
2023-05-09,1.9558,BGN
2023-05-09,371.6800,HUF
2023-05-09,16159.2000,IDR
2023-05-09,89.9495,INR
2023-05-09,150.7000,ISK
2023-05-09,7.4452,DKK
2023-05-09,7.5853,CNY
2023-05-09,5.4863,BRL
2023-05-09,0.8699,GBP
2023-05-09,0.9788,CHF
2023-05-09,1.6217,AUD
2023-05-09,1.4679,CAD
2023-05-09,23.3630,CZK
2023-05-09,4.0077,ILS
2023-05-09,8.5934,HKD
2023-05-10,0.8681,GBP
2023-05-10,89.8185,INR
2023-05-10,1.4657,CAD
2023-05-10,16150.9800,IDR
2023-05-10,23.4190,CZK
2023-05-10,8.5739,HKD
2023-05-10,1.9558,BGN
2023-05-10,5.4497,BRL
2023-05-10,370.9800,HUF
2023-05-10,4.0153,ILS
2023-05-10,1.6222,AUD
2023-05-10,149.9000,ISK
2023-05-10,7.4478,DKK
2023-05-10,7.5818,CNY
2023-05-10,0.9771,CHF
2023-05-11,8.5671,HKD
2023-05-11,3.9869,ILS
2023-05-11,149.9000,ISK
2023-05-11,7.4484,DKK
2023-05-11,1.4672,CAD
2023-05-11,7.5817,CNY
2023-05-11,1.9558,BGN
2023-05-11,89.6905,INR
2023-05-11,0.8679,GBP
2023-05-11,5.4218,BRL
2023-05-11,0.9758,CHF
2023-05-11,1.6226,AUD
2023-05-11,16079.1200,IDR
2023-05-11,371.4500,HUF
2023-05-11,23.4880,CZK
2023-05-12,5.3844,BRL
2023-05-12,0.9744,CHF
2023-05-12,7.4484,DKK
2023-05-12,1.6310,AUD
2023-05-12,150.3000,ISK
2023-05-12,3.9695,ILS
2023-05-12,8.5425,HKD
2023-05-12,23.6060,CZK
2023-05-12,1.9558,BGN
2023-05-12,7.5722,CNY
2023-05-12,0.8702,GBP
2023-05-12,1.4702,CAD
2023-05-12,370.9800,HUF
2023-05-12,16130.2300,IDR
2023-05-12,89.5200,INR
2023-05-13,1.9558,BGN
2023-05-13,5.3844,BRL
2023-05-13,1.6310,AUD
2023-05-13,150.3000,ISK
2023-05-13,0.8702,GBP
2023-05-13,16130.2300,IDR
2023-05-13,7.5722,CNY
2023-05-13,7.4484,DKK
2023-05-13,8.5425,HKD
2023-05-13,1.4702,CAD
2023-05-13,0.9744,CHF
2023-05-13,23.6060,CZK
2023-05-13,370.9800,HUF
2023-05-13,3.9695,ILS
2023-05-13,89.5200,INR
2023-05-14,1.6310,AUD
2023-05-14,8.5425,HKD
2023-05-14,0.8702,GBP
2023-05-14,3.9695,ILS
2023-05-14,23.6060,CZK
2023-05-14,7.4484,DKK
2023-05-14,16130.2300,IDR
2023-05-14,89.5200,INR
2023-05-14,1.4702,CAD
2023-05-14,150.3000,ISK
2023-05-14,5.3844,BRL
2023-05-14,370.9800,HUF
2023-05-14,1.9558,BGN
2023-05-14,7.5722,CNY
2023-05-14,0.9744,CHF
2023-05-15,0.9747,CHF
2023-05-15,0.8694,GBP
2023-05-15,89.4990,INR
2023-05-15,369.3000,HUF
2023-05-15,1.9558,BGN
2023-05-15,23.5740,CZK
2023-05-15,1.4684,CAD
2023-05-15,7.5621,CNY
2023-05-15,8.5250,HKD
2023-05-15,5.3431,BRL
2023-05-15,1.6261,AUD
2023-05-15,150.9000,ISK
2023-05-15,7.4471,DKK
2023-05-15,16089.5500,IDR
2023-05-15,3.9776,ILS
2023-05-16,1.6307,AUD
2023-05-16,89.4655,INR
2023-05-16,1.9558,BGN
2023-05-16,5.3340,BRL
2023-05-16,16132.0900,IDR
2023-05-16,150.9000,ISK
2023-05-16,3.9855,ILS
2023-05-16,1.4652,CAD
2023-05-16,23.6750,CZK
2023-05-16,8.5293,HKD
2023-05-16,7.5793,CNY
2023-05-16,7.4468,DKK
2023-05-16,369.2000,HUF
2023-05-16,0.9732,CHF
2023-05-16,0.8694,GBP
2023-05-17,8.4788,HKD
2023-05-17,23.6320,CZK
2023-05-17,89.1878,INR
2023-05-17,1.6273,AUD
2023-05-17,152.1000,ISK
2023-05-17,7.5762,CNY
2023-05-17,3.9493,ILS
2023-05-17,0.8690,GBP
2023-05-17,16118.1400,IDR
2023-05-17,5.3728,BRL
2023-05-17,0.9746,CHF
2023-05-17,371.2500,HUF
2023-05-17,1.4609,CAD
2023-05-17,1.9558,BGN
2023-05-17,7.4476,DKK
2023-05-18,5.3612,BRL
2023-05-18,1.4568,CAD
2023-05-18,89.2915,INR
2023-05-18,1.6285,AUD
2023-05-18,373.8700,HUF
2023-05-18,151.5000,ISK
2023-05-18,0.8689,GBP
2023-05-18,7.5983,CNY
2023-05-18,1.9558,BGN
2023-05-18,7.4477,DKK
2023-05-18,3.9349,ILS
2023-05-18,16089.3800,IDR
2023-05-18,23.6830,CZK
2023-05-18,0.9735,CHF
2023-05-18,8.4640,HKD
2023-05-19,151.3000,ISK
2023-05-19,5.3554,BRL
2023-05-19,7.4481,DKK
2023-05-19,1.4575,CAD
2023-05-19,23.7640,CZK
2023-05-19,89.4215,INR
2023-05-19,16129.1400,IDR
2023-05-19,8.4494,HKD
2023-05-19,1.6231,AUD
2023-05-19,3.9338,ILS
2023-05-19,0.8684,GBP
2023-05-19,1.9558,BGN
2023-05-19,7.5766,CNY
2023-05-19,376.7300,HUF
2023-05-19,0.9738,CHF
2023-05-20,23.7640,CZK
2023-05-20,16129.1400,IDR
2023-05-20,1.6231,AUD
2023-05-20,0.9738,CHF
2023-05-20,8.4494,HKD
2023-05-20,7.4481,DKK
2023-05-20,151.3000,ISK
2023-05-20,5.3554,BRL
2023-05-20,376.7300,HUF
2023-05-20,89.4215,INR
2023-05-20,7.5766,CNY
2023-05-20,1.9558,BGN
2023-05-20,1.4575,CAD
2023-05-20,3.9338,ILS
2023-05-20,0.8684,GBP
2023-05-21,7.5766,CNY
2023-05-21,1.9558,BGN
2023-05-21,0.8684,GBP
2023-05-21,5.3554,BRL
2023-05-21,1.6231,AUD
2023-05-21,8.4494,HKD
2023-05-21,16129.1400,IDR
2023-05-21,23.7640,CZK
2023-05-21,89.4215,INR
2023-05-21,3.9338,ILS
2023-05-21,376.7300,HUF
2023-05-21,0.9738,CHF
2023-05-21,7.4481,DKK
2023-05-21,151.3000,ISK
2023-05-21,1.4575,CAD
2023-05-22,23.6760,CZK
2023-05-22,374.7300,HUF
2023-05-22,151.3000,ISK
2023-05-22,0.8685,GBP
2023-05-22,7.6067,CNY
2023-05-22,1.6294,AUD
2023-05-22,1.4618,CAD
2023-05-22,89.6710,INR
2023-05-22,5.4056,BRL
2023-05-22,16100.3300,IDR
2023-05-22,8.4696,HKD
2023-05-22,3.9552,ILS
2023-05-22,1.9558,BGN
2023-05-22,0.9700,CHF
2023-05-22,7.4478,DKK
2023-05-23,1.6282,AUD
2023-05-23,0.8699,GBP
2023-05-23,8.4480,HKD
2023-05-23,89.2675,INR
2023-05-23,151.3000,ISK
2023-05-23,0.9718,CHF
2023-05-23,3.9756,ILS
2023-05-23,7.4475,DKK
2023-05-23,23.6810,CZK
2023-05-23,7.6039,CNY
2023-05-23,1.4571,CAD
2023-05-23,16043.2300,IDR
2023-05-23,1.9558,BGN
2023-05-23,5.3649,BRL
2023-05-23,376.4500,HUF
2023-05-24,5.3397,BRL
2023-05-24,7.6005,CNY
2023-05-24,89.1473,INR
2023-05-24,0.9732,CHF
2023-05-24,7.4477,DKK
2023-05-24,1.4600,CAD
2023-05-24,372.7000,HUF
2023-05-24,8.4462,HKD
2023-05-24,151.3000,ISK
2023-05-24,4.0095,ILS
2023-05-24,1.9558,BGN
2023-05-24,23.6710,CZK
2023-05-24,0.8699,GBP
2023-05-24,16063.5000,IDR
2023-05-24,1.6402,AUD
2023-05-25,7.5891,CNY
2023-05-25,5.3320,BRL
2023-05-25,23.6450,CZK
2023-05-25,0.9708,CHF
2023-05-25,150.7000,ISK
2023-05-25,372.3000,HUF
2023-05-25,1.6443,AUD
2023-05-25,7.4502,DKK
2023-05-25,88.8055,INR
2023-05-25,16040.8300,IDR
2023-05-25,8.4092,HKD
2023-05-25,1.4599,CAD
2023-05-25,3.9894,ILS
2023-05-25,1.9558,BGN
2023-05-25,0.8679,GBP
2023-05-26,149.5000,ISK
2023-05-26,7.4489,DKK
2023-05-26,7.5874,CNY
2023-05-26,8.4230,HKD
2023-05-26,0.9707,CHF
2023-05-26,371.6100,HUF
2023-05-26,1.6439,AUD
2023-05-26,1.4630,CAD
2023-05-26,88.8049,INR
2023-05-26,16085.6500,IDR
2023-05-26,1.9558,BGN
2023-05-26,5.3878,BRL
2023-05-26,4.0180,ILS
2023-05-26,23.6480,CZK
2023-05-26,0.8681,GBP
2023-05-27,1.4630,CAD
2023-05-27,1.9558,BGN
2023-05-27,4.0180,ILS
2023-05-27,0.8681,GBP
2023-05-27,8.4230,HKD
2023-05-27,149.5000,ISK
2023-05-27,88.8049,INR
2023-05-27,1.6439,AUD
2023-05-27,0.9707,CHF
2023-05-27,7.5874,CNY
2023-05-27,5.3878,BRL
2023-05-27,371.6100,HUF
2023-05-27,23.6480,CZK
2023-05-27,16085.6500,IDR
2023-05-27,7.4489,DKK
2023-05-28,23.6480,CZK
2023-05-28,149.5000,ISK
2023-05-28,88.8049,INR
2023-05-28,7.4489,DKK
2023-05-28,0.9707,CHF
2023-05-28,1.4630,CAD
2023-05-28,8.4230,HKD
2023-05-28,1.6439,AUD
2023-05-28,0.8681,GBP
2023-05-28,16085.6500,IDR
2023-05-28,5.3878,BRL
2023-05-28,7.5874,CNY
2023-05-28,1.9558,BGN
2023-05-28,371.6100,HUF
2023-05-28,4.0180,ILS
2023-05-29,8.3900,HKD
2023-05-29,7.5820,CNY
2023-05-29,1.9558,BGN
2023-05-29,1.6384,AUD
2023-05-29,0.9683,CHF
2023-05-29,1.4564,CAD
2023-05-29,149.3000,ISK
2023-05-29,23.6930,CZK
2023-05-29,16030.0700,IDR
2023-05-29,88.5200,INR
2023-05-29,7.4492,DKK
2023-05-29,371.4500,HUF
2023-05-29,0.8680,GBP
2023-05-29,5.3460,BRL
2023-05-29,3.9858,ILS
2023-05-30,1.6397,AUD
2023-05-30,88.7985,INR
2023-05-30,149.3000,ISK
2023-05-30,16086.4500,IDR
2023-05-30,7.5990,CNY
2023-05-30,7.4486,DKK
2023-05-30,5.3756,BRL
2023-05-30,1.4586,CAD
2023-05-30,370.4000,HUF
2023-05-30,0.8637,GBP
2023-05-30,1.9558,BGN
2023-05-30,3.9890,ILS
2023-05-30,0.9690,CHF
2023-05-30,8.4158,HKD
2023-05-30,23.7090,CZK
2023-05-31,16030.3900,IDR
2023-05-31,1.9558,BGN
2023-05-31,3.9713,ILS
2023-05-31,149.7000,ISK
2023-05-31,0.8640,GBP
2023-05-31,88.3400,INR
2023-05-31,1.4582,CAD
2023-05-31,7.5926,CNY
2023-05-31,8.3696,HKD
2023-05-31,5.4288,BRL
2023-05-31,0.9724,CHF
2023-05-31,23.7410,CZK
2023-05-31,7.4480,DKK
2023-05-31,1.6497,AUD
2023-05-31,370.8500,HUF
2023-06-01,149.7000,ISK
2023-06-01,5.4032,BRL
2023-06-01,7.6066,CNY
2023-06-01,0.9732,CHF
2023-06-01,8.3786,HKD
2023-06-01,0.8582,GBP
2023-06-01,23.6870,CZK
2023-06-01,3.9970,ILS
2023-06-01,1.6407,AUD
2023-06-01,370.4200,HUF
2023-06-01,7.4477,DKK
2023-06-01,1.9558,BGN
2023-06-01,15964.7600,IDR
2023-06-01,1.4514,CAD
2023-06-01,88.2070,INR
2023-06-02,1.6248,AUD
2023-06-02,7.6065,CNY
2023-06-02,15975.8200,IDR
2023-06-02,88.6380,INR
2023-06-02,0.9758,CHF
2023-06-02,371.3600,HUF
2023-06-02,7.4488,DKK
2023-06-02,8.4346,HKD
2023-06-02,23.6570,CZK
2023-06-02,5.3752,BRL
2023-06-02,1.4443,CAD
2023-06-02,150.1000,ISK
2023-06-02,4.0311,ILS
2023-06-02,0.8593,GBP
2023-06-02,1.9558,BGN
2023-06-03,1.4443,CAD
2023-06-03,15975.8200,IDR
2023-06-03,0.8593,GBP
2023-06-03,7.4488,DKK
2023-06-03,7.6065,CNY
2023-06-03,5.3752,BRL
2023-06-03,4.0311,ILS
2023-06-03,150.1000,ISK
2023-06-03,1.6248,AUD
2023-06-03,0.9758,CHF
2023-06-03,23.6570,CZK
2023-06-03,88.6380,INR
2023-06-03,371.3600,HUF
2023-06-03,1.9558,BGN
2023-06-03,8.4346,HKD
2023-06-04,4.0311,ILS
2023-06-04,23.6570,CZK
2023-06-04,150.1000,ISK
2023-06-04,5.3752,BRL
2023-06-04,371.3600,HUF
2023-06-04,1.4443,CAD
2023-06-04,8.4346,HKD
2023-06-04,1.9558,BGN
2023-06-04,0.8593,GBP
2023-06-04,0.9758,CHF
2023-06-04,1.6248,AUD
2023-06-04,15975.8200,IDR
2023-06-04,7.6065,CNY
2023-06-04,88.6380,INR
2023-06-04,7.4488,DKK
2023-06-05,23.5730,CZK
2023-06-05,1.6219,AUD
2023-06-05,5.2959,BRL
2023-06-05,150.9000,ISK
2023-06-05,88.3255,INR
2023-06-05,3.9996,ILS
2023-06-05,369.2800,HUF
2023-06-05,8.3787,HKD
2023-06-05,15896.1600,IDR
2023-06-05,0.9732,CHF
2023-06-05,1.4367,CAD
2023-06-05,0.8632,GBP
2023-06-05,7.6062,CNY
2023-06-05,7.4484,DKK
2023-06-05,1.9558,BGN
2023-06-06,0.8610,GBP
2023-06-06,7.6040,CNY
2023-06-06,368.6300,HUF
2023-06-06,1.9558,BGN
2023-06-06,151.1000,ISK
2023-06-06,88.2295,INR
2023-06-06,3.9529,ILS
2023-06-06,15891.2200,IDR
2023-06-06,5.2538,BRL
2023-06-06,8.3777,HKD
2023-06-06,1.4342,CAD
2023-06-06,23.5200,CZK
2023-06-06,0.9698,CHF
2023-06-06,7.4494,DKK
2023-06-06,1.6038,AUD
2023-06-07,23.6250,CZK
2023-06-07,8.4029,HKD
2023-06-07,88.4160,INR
2023-06-07,7.4494,DKK
2023-06-07,150.5000,ISK
2023-06-07,1.6004,AUD
2023-06-07,368.7300,HUF
2023-06-07,0.9704,CHF
2023-06-07,0.8597,GBP
2023-06-07,1.4351,CAD
2023-06-07,5.2607,BRL
2023-06-07,15901.7400,IDR
2023-06-07,3.9145,ILS
2023-06-07,7.6235,CNY
2023-06-07,1.9558,BGN
2023-06-08,23.6250,CZK
2023-06-08,368.6500,HUF
2023-06-08,1.6061,AUD
2023-06-08,88.6170,INR
2023-06-08,0.9751,CHF
2023-06-08,5.2866,BRL
2023-06-08,3.9336,ILS
2023-06-08,1.9558,BGN
2023-06-08,15979.4600,IDR
2023-06-08,0.8611,GBP
2023-06-08,8.4126,HKD
2023-06-08,7.4498,DKK
2023-06-08,149.5000,ISK
2023-06-08,7.6541,CNY
2023-06-08,1.4342,CAD
2023-06-09,15996.7200,IDR
2023-06-09,5.2965,BRL
2023-06-09,0.8579,GBP
2023-06-09,0.9716,CHF
2023-06-09,7.6839,CNY
2023-06-09,1.4362,CAD
2023-06-09,8.4493,HKD
2023-06-09,149.5000,ISK
2023-06-09,1.6023,AUD
2023-06-09,88.8900,INR
2023-06-09,7.4505,DKK
2023-06-09,1.9558,BGN
2023-06-09,23.6660,CZK
2023-06-09,3.8816,ILS
2023-06-09,368.7300,HUF
2023-06-10,1.6023,AUD
2023-06-10,88.8900,INR
2023-06-10,7.6839,CNY
2023-06-10,0.8579,GBP
2023-06-10,149.5000,ISK
2023-06-10,23.6660,CZK
2023-06-10,7.4505,DKK
2023-06-10,1.9558,BGN
2023-06-10,1.4362,CAD
2023-06-10,0.9716,CHF
2023-06-10,8.4493,HKD
2023-06-10,3.8816,ILS
2023-06-10,5.2965,BRL
2023-06-10,15996.7200,IDR
2023-06-10,368.7300,HUF
2023-06-11,1.4362,CAD
2023-06-11,88.8900,INR
2023-06-11,5.2965,BRL
2023-06-11,1.6023,AUD
2023-06-11,1.9558,BGN
2023-06-11,7.4505,DKK
2023-06-11,0.8579,GBP
2023-06-11,149.5000,ISK
2023-06-11,0.9716,CHF
2023-06-11,23.6660,CZK
2023-06-11,368.7300,HUF
2023-06-11,3.8816,ILS
2023-06-11,8.4493,HKD
2023-06-11,15996.7200,IDR
2023-06-11,7.6839,CNY
2023-06-12,0.8568,GBP
2023-06-12,368.1500,HUF
2023-06-12,88.7330,INR
2023-06-12,15996.8500,IDR
2023-06-12,7.4520,DKK
2023-06-12,1.9558,BGN
2023-06-12,0.9751,CHF
2023-06-12,1.4357,CAD
2023-06-12,5.2549,BRL
2023-06-12,23.7590,CZK
2023-06-12,7.6888,CNY
2023-06-12,149.5000,ISK
2023-06-12,1.5920,AUD
2023-06-12,3.8627,ILS
2023-06-12,8.4326,HKD
2023-06-13,0.8585,GBP
2023-06-13,23.8130,CZK
2023-06-13,5.2469,BRL
2023-06-13,3.8536,ILS
2023-06-13,8.4550,HKD
2023-06-13,7.4524,DKK
2023-06-13,0.9784,CHF
2023-06-13,16044.8300,IDR
2023-06-13,88.8630,INR
2023-06-13,1.9558,BGN
2023-06-13,7.7167,CNY
2023-06-13,1.5922,AUD
2023-06-13,1.4403,CAD
2023-06-13,371.1300,HUF
2023-06-13,149.5000,ISK
2023-06-14,3.8932,ILS
2023-06-14,1.4378,CAD
2023-06-14,1.5915,AUD
2023-06-14,148.7000,ISK
2023-06-14,7.4529,DKK
2023-06-14,5.2489,BRL
2023-06-14,7.7363,CNY
2023-06-14,370.8000,HUF
2023-06-14,8.4645,HKD
2023-06-14,0.8546,GBP
2023-06-14,1.9558,BGN
2023-06-14,16100.2000,IDR
2023-06-14,0.9751,CHF
2023-06-14,88.6945,INR
2023-06-14,23.7960,CZK
2023-06-15,23.7510,CZK
2023-06-15,149.3000,ISK
2023-06-15,1.9558,BGN
2023-06-15,3.8810,ILS
2023-06-15,1.5924,AUD
2023-06-15,8.4661,HKD
2023-06-15,16208.5100,IDR
2023-06-15,7.7491,CNY
2023-06-15,88.9825,INR
2023-06-15,1.4415,CAD
2023-06-15,7.4523,DKK
2023-06-15,376.0300,HUF
2023-06-15,0.8556,GBP
2023-06-15,0.9761,CHF
2023-06-15,5.2244,BRL
2023-06-16,5.2790,BRL
2023-06-16,89.7953,INR
2023-06-16,1.5941,AUD
2023-06-16,0.9770,CHF
2023-06-16,7.4505,DKK
2023-06-16,7.8100,CNY
2023-06-16,373.0000,HUF
2023-06-16,0.8543,GBP
2023-06-16,1.4500,CAD
2023-06-16,16387.7500,IDR
2023-06-16,23.8170,CZK
2023-06-16,8.5799,HKD
2023-06-16,3.9024,ILS
2023-06-16,1.9558,BGN
2023-06-16,149.5000,ISK
2023-06-17,89.7953,INR
2023-06-17,149.5000,ISK
2023-06-17,7.8100,CNY
2023-06-17,1.9558,BGN
2023-06-17,1.4500,CAD
2023-06-17,373.0000,HUF
2023-06-17,8.5799,HKD
2023-06-17,0.9770,CHF
2023-06-17,0.8543,GBP
2023-06-17,1.5941,AUD
2023-06-17,7.4505,DKK
2023-06-17,23.8170,CZK
2023-06-17,3.9024,ILS
2023-06-17,5.2790,BRL
2023-06-17,16387.7500,IDR
2023-06-18,373.0000,HUF
2023-06-18,1.4500,CAD
2023-06-18,7.4505,DKK
2023-06-18,23.8170,CZK
2023-06-18,16387.7500,IDR
2023-06-18,5.2790,BRL
2023-06-18,149.5000,ISK
2023-06-18,1.5941,AUD
2023-06-18,0.9770,CHF
2023-06-18,0.8543,GBP
2023-06-18,8.5799,HKD
2023-06-18,3.9024,ILS
2023-06-18,1.9558,BGN
2023-06-18,89.7953,INR
2023-06-18,7.8100,CNY
2023-06-19,8.5379,HKD
2023-06-19,5.2588,BRL
2023-06-19,1.9558,BGN
2023-06-19,149.1000,ISK
2023-06-19,374.4000,HUF
2023-06-19,0.9772,CHF
2023-06-19,16381.1900,IDR
2023-06-19,3.9408,ILS
2023-06-19,1.5964,AUD
2023-06-19,89.5125,INR
2023-06-19,23.7780,CZK
2023-06-19,1.4411,CAD
2023-06-19,0.8527,GBP
2023-06-19,7.4498,DKK
2023-06-19,7.8182,CNY
2023-06-20,7.4491,DKK
2023-06-20,0.8570,GBP
2023-06-20,149.1000,ISK
2023-06-20,5.2376,BRL
2023-06-20,7.8462,CNY
2023-06-20,1.6120,AUD
2023-06-20,1.4473,CAD
2023-06-20,0.9808,CHF
2023-06-20,16410.1100,IDR
2023-06-20,372.5500,HUF
2023-06-20,8.5560,HKD
2023-06-20,89.7525,INR
2023-06-20,23.7560,CZK
2023-06-20,3.9424,ILS
2023-06-20,1.9558,BGN
2023-06-21,1.9558,BGN
2023-06-21,1.4435,CAD
2023-06-21,7.8519,CNY
2023-06-21,5.2273,BRL
2023-06-21,0.8583,GBP
2023-06-21,7.4479,DKK
2023-06-21,23.7630,CZK
2023-06-21,3.9404,ILS
2023-06-21,8.5510,HKD
2023-06-21,16330.8000,IDR
2023-06-21,1.6154,AUD
2023-06-21,369.9000,HUF
2023-06-21,148.3000,ISK
2023-06-21,89.5765,INR
2023-06-21,0.9803,CHF
2023-06-22,23.6830,CZK
2023-06-22,7.8866,CNY
2023-06-22,1.4463,CAD
2023-06-22,90.0300,INR
2023-06-22,1.9558,BGN
2023-06-22,0.8611,GBP
2023-06-22,0.9825,CHF
2023-06-22,16425.9900,IDR
2023-06-22,369.4300,HUF
2023-06-22,7.4486,DKK
2023-06-22,8.5987,HKD
2023-06-22,5.2331,BRL
2023-06-22,148.5000,ISK
2023-06-22,1.6194,AUD
2023-06-22,3.9847,ILS
2023-06-23,89.2205,INR
2023-06-23,0.8548,GBP
2023-06-23,23.6540,CZK
2023-06-23,3.9401,ILS
2023-06-23,8.5216,HKD
2023-06-23,1.6285,AUD
2023-06-23,1.9558,BGN
2023-06-23,0.9773,CHF
2023-06-23,1.4380,CAD
2023-06-23,7.4485,DKK
2023-06-23,5.2235,BRL
2023-06-23,369.9000,HUF
2023-06-23,7.8141,CNY
2023-06-23,16337.6900,IDR
2023-06-23,148.9000,ISK
2023-06-24,1.6285,AUD
2023-06-24,148.9000,ISK
2023-06-24,7.4485,DKK
2023-06-24,23.6540,CZK
2023-06-24,369.9000,HUF
2023-06-24,7.8141,CNY
2023-06-24,3.9401,ILS
2023-06-24,89.2205,INR
2023-06-24,8.5216,HKD
2023-06-24,16337.6900,IDR
2023-06-24,5.2235,BRL
2023-06-24,0.9773,CHF
2023-06-24,1.4380,CAD
2023-06-24,0.8548,GBP
2023-06-24,1.9558,BGN
2023-06-25,0.8548,GBP
2023-06-25,369.9000,HUF
2023-06-25,7.8141,CNY
2023-06-25,8.5216,HKD
2023-06-25,1.4380,CAD
2023-06-25,148.9000,ISK
2023-06-25,7.4485,DKK
2023-06-25,16337.6900,IDR
2023-06-25,1.6285,AUD
2023-06-25,0.9773,CHF
2023-06-25,89.2205,INR
2023-06-25,3.9401,ILS
2023-06-25,23.6540,CZK
2023-06-25,1.9558,BGN
2023-06-25,5.2235,BRL
2023-06-26,0.8588,GBP
2023-06-26,1.4354,CAD
2023-06-26,369.1000,HUF
2023-06-26,89.5565,INR
2023-06-26,5.2177,BRL
2023-06-26,7.8972,CNY
2023-06-26,7.4458,DKK
2023-06-26,23.6490,CZK
2023-06-26,3.9565,ILS
2023-06-26,148.9000,ISK
2023-06-26,16438.2200,IDR
2023-06-26,1.6346,AUD
2023-06-26,0.9737,CHF
2023-06-26,1.9558,BGN
2023-06-26,8.5481,HKD
2023-06-27,368.5000,HUF
2023-06-27,89.7945,INR
2023-06-27,148.9000,ISK
2023-06-27,1.6369,AUD
2023-06-27,0.9789,CHF
2023-06-27,1.9558,BGN
2023-06-27,8.5782,HKD
2023-06-27,5.2311,BRL
2023-06-27,16427.6900,IDR
2023-06-27,0.8599,GBP
2023-06-27,1.4408,CAD
2023-06-27,3.9830,ILS
2023-06-27,23.6090,CZK
2023-06-27,7.4474,DKK
2023-06-27,7.8976,CNY
2023-06-28,148.5000,ISK
2023-06-28,1.4491,CAD
2023-06-28,23.6830,CZK
2023-06-28,16398.9800,IDR
2023-06-28,5.2940,BRL
2023-06-28,4.0212,ILS
2023-06-28,371.7300,HUF
2023-06-28,7.9262,CNY
2023-06-28,8.5667,HKD
2023-06-28,89.7465,INR
2023-06-28,1.6525,AUD
2023-06-28,7.4469,DKK
2023-06-28,0.8642,GBP
2023-06-28,1.9558,BGN
2023-06-28,0.9822,CHF
2023-06-29,23.6860,CZK
2023-06-29,16408.1200,IDR
2023-06-29,0.9783,CHF
2023-06-29,5.3006,BRL
2023-06-29,149.1000,ISK
2023-06-29,1.6480,AUD
2023-06-29,4.0439,ILS
2023-06-29,1.9558,BGN
2023-06-29,0.8640,GBP
2023-06-29,89.7065,INR
2023-06-29,7.9140,CNY
2023-06-29,370.9000,HUF
2023-06-29,1.4503,CAD
2023-06-29,7.4476,DKK
2023-06-29,8.5713,HKD
2023-06-30,1.6398,AUD
2023-06-30,89.2065,INR
2023-06-30,0.9788,CHF
2023-06-30,1.4415,CAD
2023-06-30,5.2788,BRL
2023-06-30,16384.5400,IDR
2023-06-30,371.9300,HUF
2023-06-30,23.7420,CZK
2023-06-30,7.4474,DKK
2023-06-30,4.0486,ILS
2023-06-30,1.9558,BGN
2023-06-30,0.8583,GBP
2023-06-30,7.8983,CNY
2023-06-30,8.5157,HKD
2023-06-30,148.7000,ISK
